{
"parent": "minecraft:recipes/root",
"criteria": {
    "hasEnderveirs": {
        "trigger": "minecraft:inventory_changed",
          "conditions": {
              "items": [
                  {
                      "item": "minecraft:repeating_command_block",
                      "nbt": "{bvc:{item:\"enderveirs\"}}"
                  }
              ]
          }
      },
      "hasTheRecipe": {
          "trigger": "minecraft:recipe_unlocked",
          "conditions": {
              "recipe": "bvc:decrafter/recipes/decrafter"
          }
      }
  },
  "requirements": [
      [
          "hasEnderveirs",
          "hasTheRecipe"
      ]
  ],
  "rewards": {
      "recipes": [
          "bvc:decrafter/recipes/decrafter"
      ]
  }
}