{"stats":{"minecraft:crafted":{"minecraft:acacia_planks":12,"minecraft:stone_axe":1,"minecraft:crafting_table":1,"minecraft:stick":8,"minecraft:wooden_pickaxe":1},"minecraft:dropped":{"minecraft:wheat_seeds":1},"minecraft:picked_up":{"minecraft:crafting_table":1,"minecraft:wheat_seeds":2,"minecraft:acacia_log":3,"minecraft:porkchop":2,"minecraft:coal":3,"minecraft:mutton":6,"minecraft:white_wool":3,"minecraft:cobblestone":15},"minecraft:mined":{"minecraft:grass":25,"minecraft:acacia_log":3,"minecraft:coal_ore":3,"minecraft:tall_grass":4,"minecraft:stone":15,"minecraft:crafting_table":1},"minecraft:killed":{"minecraft:sheep":3,"minecraft:pig":1},"minecraft:custom":{"minecraft:time_since_rest":12004,"minecraft:play_time":12004,"minecraft:sprint_one_cm":23847,"minecraft:damage_taken":110,"minecraft:walk_one_cm":22924,"minecraft:walk_under_water_one_cm":1498,"minecraft:mob_kills":4,"minecraft:drop":1,"minecraft:jump":124,"minecraft:damage_dealt":339,"minecraft:leave_game":1,"minecraft:time_since_death":12004,"minecraft:walk_on_water_one_cm":8242,"minecraft:total_world_time":12004,"minecraft:swim_one_cm":2577,"minecraft:interact_with_crafting_table":11,"minecraft:fall_one_cm":7092,"minecraft:fly_one_cm":24434},"minecraft:used":{"minecraft:crafting_table":2,"minecraft:wooden_pickaxe":18}},"DataVersion":3465}