{"stats":{"minecraft:picked_up":{"minecraft:wheat_seeds":1,"minecraft:porkchop":2},"minecraft:mined":{"minecraft:tall_grass":4,"minecraft:grass":18},"minecraft:killed":{"minecraft:pig":1},"minecraft:custom":{"minecraft:jump":59,"minecraft:time_since_rest":4788,"minecraft:damage_dealt":98,"minecraft:sprint_one_cm":12109,"minecraft:play_time":4788,"minecraft:damage_taken":100,"minecraft:time_since_death":4788,"minecraft:walk_one_cm":6425,"minecraft:total_world_time":4788,"minecraft:mob_kills":1,"minecraft:fall_one_cm":4698,"minecraft:fly_one_cm":13602}},"DataVersion":3465}