{"stats":{"minecraft:custom":{"minecraft:time_since_rest":27130,"minecraft:interact_with_furnace":5,"minecraft:sprint_one_cm":25517,"minecraft:damage_taken":150,"minecraft:walk_one_cm":41654,"minecraft:mob_kills":3,"minecraft:drop":1,"minecraft:damage_dealt":282,"minecraft:interact_with_crafting_table":5,"minecraft:fly_one_cm":25598,"minecraft:crouch_one_cm":293,"minecraft:play_time":27130,"minecraft:sneak_time":164,"minecraft:jump":142,"minecraft:leave_game":4,"minecraft:time_since_death":27130,"minecraft:total_world_time":27130,"minecraft:fall_one_cm":6047},"minecraft:mined":{"minecraft:birch_log":32,"minecraft:crafting_table":3,"minecraft:acacia_log":1,"minecraft:grass_block":3,"minecraft:oak_log":34,"minecraft:dirt":14,"minecraft:stone":46},"minecraft:dropped":{"minecraft:wooden_pickaxe":1},"minecraft:killed":{"minecraft:sheep":1,"minecraft:zombie":1,"minecraft:pig":1},"minecraft:used":{"minecraft:cooked_mutton":1,"minecraft:stone_sword":5,"minecraft:acacia_log":1,"minecraft:wooden_pickaxe":46,"minecraft:stone_axe":75,"minecraft:dirt":7,"minecraft:crafting_table":5,"minecraft:furnace":1,"minecraft:cooked_porkchop":1},"minecraft:picked_up":{"minecraft:birch_log":32,"minecraft:stick":4,"minecraft:crafting_table":3,"minecraft:brown_wool":1,"minecraft:acacia_log":1,"minecraft:porkchop":1,"minecraft:oak_log":34,"minecraft:dirt":17,"minecraft:oak_sapling":5,"minecraft:mutton":1,"minecraft:birch_sapling":6,"minecraft:cobblestone":46},"minecraft:crafted":{"minecraft:oak_planks":20,"morearmor:cobblestone_armor_boots":1,"morearmor:cobblestone_armor_chestplate":1,"minecraft:cooked_porkchop":1,"morearmor:cobblestone_armor_helmet":1,"minecraft:crafting_table":2,"morearmor:cobblestone_armor_leggings":1,"minecraft:stick":4,"minecraft:wooden_pickaxe":1,"minecraft:stone_pickaxe":1,"minecraft:stone_sword":1,"minecraft:furnace":1,"minecraft:stone_axe":1,"minecraft:air":0,"minecraft:cooked_mutton":1}},"DataVersion":3465}