{"stats":{"minecraft:custom":{"minecraft:interact_with_furnace":11,"minecraft:mob_kills":35,"minecraft:interact_with_crafting_table":6,"minecraft:leave_game":4,"minecraft:time_since_death":5424,"minecraft:sleep_in_bed":2,"minecraft:climb_one_cm":557,"minecraft:time_since_rest":5454,"minecraft:sprint_one_cm":101807,"minecraft:damage_taken":819,"minecraft:walk_one_cm":82274,"minecraft:drop":2,"minecraft:damage_dealt":4362,"minecraft:fly_one_cm":189129,"minecraft:crouch_one_cm":1463,"minecraft:play_time":51130,"minecraft:deaths":1,"minecraft:sneak_time":637,"minecraft:jump":797,"minecraft:total_world_time":51130,"minecraft:fall_one_cm":27161},"minecraft:mined":{"minecraft:white_bed":1,"minecraft:crafting_table":5,"minecraft:torch":4,"minecraft:acacia_log":1,"minecraft:grass_block":4,"minecraft:tall_grass":3,"minecraft:wall_torch":1,"minecraft:furnace":2,"minecraft:carrots":1,"minecraft:birch_log":32,"minecraft:grass":7,"minecraft:coal_ore":9,"minecraft:potatoes":2,"minecraft:oak_log":50,"minecraft:beetroots":2,"minecraft:dirt":17,"minecraft:stone":47},"minecraft:dropped":{"minecraft:torch":1,"minecraft:wooden_pickaxe":1},"minecraft:killed":{"minecraft:pig":12,"minecraft:spider":1,"minecraft:creeper":3,"minecraft:sheep":4,"minecraft:skeleton":3,"minecraft:zombie":5,"minecraft:chicken":1,"minecraft:cow":6},"minecraft:used":{"minecraft:beetroot":2,"minecraft:cooked_mutton":5,"minecraft:stone_sword":67,"minecraft:acacia_log":1,"minecraft:stone_pickaxe":12,"minecraft:wooden_pickaxe":46,"minecraft:torch":4,"minecraft:dirt":10,"minecraft:crafting_table":6,"minecraft:carrot":5,"minecraft:white_bed":1,"minecraft:apple":1,"minecraft:stone_axe":118,"minecraft:furnace":2,"minecraft:cooked_porkchop":3,"minecraft:beetroot_seeds":2,"minecraft:potato":2},"minecraft:picked_up":{"minecraft:birch_log":32,"minecraft:crafting_table":5,"minecraft:feather":1,"minecraft:chicken":1,"minecraft:leather":6,"minecraft:brown_wool":1,"minecraft:potato":7,"minecraft:oak_log":50,"minecraft:gunpowder":4,"minecraft:dirt":21,"minecraft:bone":2,"minecraft:beetroot":2,"minecraft:apple":1,"minecraft:bow":1,"minecraft:beef":14,"minecraft:birch_sapling":6,"minecraft:furnace":2,"minecraft:egg":3,"minecraft:stick":4,"minecraft:torch":6,"minecraft:acacia_log":1,"minecraft:porkchop":46,"minecraft:white_bed":1,"minecraft:carrot":4,"minecraft:arrow":3,"minecraft:rotten_flesh":5,"minecraft:beetroot_seeds":6,"minecraft:oak_sapling":10,"minecraft:mutton":5,"minecraft:coal":9,"minecraft:white_wool":3,"minecraft:cobblestone":47},"minecraft:crafted":{"minecraft:oak_planks":20,"minecraft:cooked_porkchop":4,"morearmor:cobblestone_armor_helmet":1,"minecraft:crafting_table":2,"minecraft:wooden_pickaxe":1,"minecraft:furnace":1,"minecraft:stone_axe":1,"minecraft:cooked_mutton":5,"minecraft:air":0,"morearmor:cobblestone_armor_boots":1,"morearmor:cobblestone_armor_chestplate":1,"morearmor:cobblestone_armor_leggings":1,"minecraft:stick":4,"minecraft:stone_pickaxe":1,"minecraft:stone_sword":1,"minecraft:white_bed":1}},"DataVersion":3465}