{"stats":{"minecraft:custom":{"minecraft:interact_with_furnace":13,"minecraft:mob_kills":42,"minecraft:interact_with_crafting_table":7,"minecraft:leave_game":4,"minecraft:time_since_death":17424,"minecraft:sleep_in_bed":2,"minecraft:climb_one_cm":1065,"minecraft:time_since_rest":17454,"minecraft:sprint_one_cm":156304,"minecraft:damage_taken":863,"minecraft:walk_one_cm":106684,"minecraft:drop":2,"minecraft:damage_dealt":5091,"minecraft:swim_one_cm":17792,"minecraft:fly_one_cm":298621,"minecraft:crouch_one_cm":1633,"minecraft:play_time":63130,"minecraft:deaths":1,"minecraft:sneak_time":683,"minecraft:walk_under_water_one_cm":276,"minecraft:jump":1274,"minecraft:walk_on_water_one_cm":1544,"minecraft:total_world_time":63130,"minecraft:fall_one_cm":40138},"minecraft:mined":{"minecraft:white_bed":1,"minecraft:crafting_table":6,"minecraft:torch":4,"minecraft:acacia_log":1,"minecraft:grass_block":93,"minecraft:tall_grass":3,"minecraft:wall_torch":3,"minecraft:furnace":3,"minecraft:carrots":1,"minecraft:birch_log":39,"minecraft:iron_ore":8,"minecraft:grass":14,"minecraft:coal_ore":11,"minecraft:potatoes":2,"minecraft:oak_log":50,"minecraft:beetroots":2,"minecraft:dirt":46,"minecraft:stone":50,"minetraps:quicksand":1,"minecraft:oak_leaves":5},"minecraft:dropped":{"minecraft:torch":1,"minecraft:wooden_pickaxe":1},"minecraft:killed":{"minecraft:pig":16,"minecraft:spider":1,"minecraft:creeper":3,"minecraft:sheep":5,"minecraft:skeleton":3,"minecraft:zombie":5,"minecraft:chicken":1,"minecraft:cow":8},"minecraft:used":{"minecraft:beetroot":2,"minecraft:cooked_mutton":5,"minecraft:stone_sword":86,"minecraft:acacia_log":1,"minecraft:stone_shovel":122,"minecraft:stone_pickaxe":26,"minecraft:wooden_pickaxe":46,"minetraps:quicksand":1,"minecraft:torch":6,"minecraft:dirt":10,"minecraft:crafting_table":7,"minecraft:carrot":5,"minecraft:white_bed":1,"minecraft:apple":1,"minecraft:stone_axe":127,"minecraft:furnace":3,"minecraft:cooked_porkchop":6,"minecraft:beetroot_seeds":2,"minecraft:potato":2},"minecraft:picked_up":{"minecraft:birch_log":39,"minecraft:crafting_table":6,"minecraft:feather":1,"minecraft:chicken":1,"minecraft:leather":8,"minecraft:brown_wool":1,"minecraft:potato":7,"minecraft:oak_log":50,"minecraft:gunpowder":4,"minecraft:dirt":133,"minecraft:bone":2,"minecraft:beetroot":2,"minecraft:apple":1,"minecraft:bow":1,"minecraft:wheat_seeds":1,"minecraft:beef":19,"minecraft:birch_sapling":6,"minecraft:furnace":3,"minecraft:egg":3,"minecraft:raw_iron":8,"minecraft:stick":10,"minecraft:cooked_porkchop":1,"minecraft:torch":8,"minecraft:acacia_log":1,"minecraft:porkchop":73,"minecraft:white_bed":1,"minecraft:carrot":4,"minecraft:arrow":3,"minecraft:rotten_flesh":5,"minetraps:quicksand":1,"minecraft:beetroot_seeds":6,"minecraft:oak_sapling":10,"minecraft:mutton":6,"minecraft:coal":11,"minecraft:white_wool":4,"minecraft:cobblestone":50},"minecraft:broken":{"minecraft:stone_axe":1},"minecraft:crafted":{"minecraft:oak_planks":20,"minecraft:stone_shovel":1,"minecraft:cooked_porkchop":11,"morearmor:cobblestone_armor_helmet":1,"minecraft:crafting_table":2,"minecraft:wooden_pickaxe":1,"minecraft:furnace":1,"minecraft:stone_axe":2,"minecraft:cooked_mutton":5,"minecraft:air":0,"morearmor:cobblestone_armor_boots":1,"morearmor:cobblestone_armor_chestplate":1,"morearmor:cobblestone_armor_leggings":1,"minecraft:stick":4,"minecraft:stone_pickaxe":1,"minecraft:stone_sword":1,"minecraft:white_bed":1}},"DataVersion":3465}