{"stats":{"minecraft:custom":{"minecraft:time_since_rest":10236,"minecraft:sprint_one_cm":8114,"minecraft:play_time":10236,"minecraft:damage_taken":20,"minecraft:walk_one_cm":14876,"minecraft:sneak_time":73,"minecraft:jump":27,"minecraft:leave_game":3,"minecraft:time_since_death":10236,"minecraft:total_world_time":10236,"minecraft:interact_with_crafting_table":1,"minecraft:fall_one_cm":879,"minecraft:fly_one_cm":3166},"minecraft:crafted":{"minecraft:oak_planks":20,"minecraft:crafting_table":1,"minecraft:wooden_pickaxe":1},"minecraft:mined":{"minecraft:acacia_log":1,"minecraft:grass_block":1,"minecraft:oak_log":5,"minecraft:dirt":13,"minecraft:stone":38},"minecraft:used":{"minecraft:dirt":2,"minecraft:acacia_log":1,"minecraft:crafting_table":1,"minecraft:wooden_pickaxe":38},"minecraft:picked_up":{"minecraft:stick":2,"minecraft:acacia_log":1,"minecraft:oak_log":5,"minecraft:oak_sapling":2,"minecraft:dirt":14,"minecraft:cobblestone":38}},"DataVersion":3465}