{"stats":{"minecraft:custom":{"minecraft:interact_with_furnace":18,"minecraft:mob_kills":46,"minecraft:interact_with_crafting_table":16,"minecraft:leave_game":5,"minecraft:time_since_death":45065,"minecraft:sleep_in_bed":5,"minecraft:climb_one_cm":3242,"minecraft:time_since_rest":2659,"minecraft:sprint_one_cm":270324,"minecraft:damage_taken":1776,"minecraft:walk_one_cm":206932,"minecraft:drop":6,"minecraft:damage_dealt":5871,"minecraft:swim_one_cm":34193,"minecraft:fly_one_cm":495372,"minecraft:open_chest":16,"minecraft:crouch_one_cm":32140,"minecraft:play_time":115638,"minecraft:deaths":2,"minecraft:sneak_time":8132,"minecraft:walk_under_water_one_cm":1493,"minecraft:jump":2289,"minecraft:walk_on_water_one_cm":4094,"minecraft:total_world_time":115638,"minecraft:fall_one_cm":69491},"minecraft:mined":{"minecraft:white_bed":1,"minecraft:crafting_table":6,"minecraft:torch":8,"minecraft:acacia_log":1,"minecraft:grass_block":330,"minecraft:cobblestone":3,"minecraft:tall_grass":5,"minecraft:wall_torch":6,"minecraft:birch_planks":1,"minecraft:furnace":3,"minecraft:carrots":1,"minecraft:birch_log":39,"minecraft:iron_ore":14,"minecraft:grass":19,"minecraft:coal_ore":20,"minecraft:potatoes":2,"minecraft:oak_log":52,"minecraft:beetroots":2,"minecraft:dirt":82,"minecraft:stone":269,"minetraps:quicksand":1,"minecraft:oak_leaves":5},"minecraft:dropped":{"minecraft:wheat_seeds":1,"minecraft:birch_sapling":6,"minecraft:rotten_flesh":5,"minecraft:torch":1,"minecraft:oak_sapling":10,"minecraft:wooden_pickaxe":1},"minecraft:killed":{"minecraft:pig":17,"minecraft:spider":1,"minecraft:creeper":4,"minecraft:sheep":5,"minecraft:skeleton":4,"minecraft:zombie":6,"minecraft:chicken":1,"minecraft:cow":8},"minecraft:used":{"minecraft:beetroot":2,"minecraft:cooked_mutton":5,"minecraft:stone_sword":104,"minecraft:acacia_log":1,"minecraft:birch_planks":149,"minecraft:stone_shovel":388,"minecraft:stone_pickaxe":264,"minecraft:chest":2,"minecraft:wooden_pickaxe":46,"minetraps:quicksand":1,"minecraft:torch":16,"minecraft:dirt":260,"minecraft:crafting_table":8,"minecraft:carrot":5,"minecraft:white_bed":2,"minecraft:birch_door":2,"minecraft:oak_log":26,"minecraft:apple":1,"minecraft:stone_axe":132,"minecraft:cobblestone":209,"minecraft:furnace":4,"minecraft:cooked_porkchop":15,"minecraft:beetroot_seeds":2,"minecraft:potato":2},"minecraft:picked_up":{"minecraft:birch_log":39,"minecraft:birch_door":1,"minecraft:crafting_table":6,"minecraft:feather":1,"minecraft:chicken":1,"minecraft:leather":8,"minecraft:brown_wool":1,"minecraft:potato":7,"minecraft:birch_planks":1,"minecraft:oak_log":52,"minecraft:gunpowder":5,"minecraft:dirt":370,"minecraft:bone":2,"minecraft:beetroot":2,"minecraft:apple":1,"minecraft:bow":1,"minecraft:wheat_seeds":3,"minecraft:beef":19,"minecraft:birch_sapling":6,"minecraft:furnace":3,"minecraft:egg":3,"minecraft:raw_iron":14,"minecraft:stick":10,"minecraft:cooked_porkchop":1,"minecraft:torch":17,"minecraft:acacia_log":1,"minecraft:porkchop":74,"minecraft:white_bed":1,"minecraft:carrot":4,"minecraft:arrow":7,"minecraft:rotten_flesh":5,"minetraps:quicksand":1,"minecraft:beetroot_seeds":6,"minecraft:oak_sapling":11,"minecraft:mutton":6,"minecraft:coal":20,"minecraft:white_wool":4,"minecraft:cobblestone":272},"minecraft:broken":{"minecraft:stone_pickaxe":2,"minecraft:stone_axe":1,"minecraft:stone_shovel":2},"minecraft:crafted":{"minecraft:oak_planks":36,"minecraft:stone_shovel":3,"minecraft:cooked_porkchop":32,"morearmor:cobblestone_armor_helmet":1,"minecraft:crafting_table":2,"minecraft:wooden_pickaxe":1,"minecraft:furnace":1,"minecraft:birch_planks":156,"minecraft:stone_axe":2,"minecraft:cooked_mutton":5,"minecraft:air":0,"morearmor:cobblestone_armor_boots":1,"morearmor:cobblestone_armor_chestplate":1,"morearmor:cobblestone_armor_leggings":1,"minecraft:stick":12,"minecraft:stone_pickaxe":3,"minecraft:stone_sword":1,"minecraft:chest":2,"minecraft:white_bed":1,"minecraft:birch_door":3,"minecraft:torch":4}},"DataVersion":3465}