{"stats":{"minecraft:custom":{"minecraft:interact_with_furnace":5,"minecraft:mob_kills":23,"minecraft:interact_with_crafting_table":5,"minecraft:leave_game":4,"minecraft:time_since_death":39130,"minecraft:sleep_in_bed":1,"minecraft:time_since_rest":11517,"minecraft:sprint_one_cm":72390,"minecraft:damage_taken":244,"minecraft:walk_one_cm":65475,"minecraft:drop":1,"minecraft:damage_dealt":2352,"minecraft:fly_one_cm":134144,"minecraft:crouch_one_cm":996,"minecraft:play_time":39130,"minecraft:sneak_time":530,"minecraft:jump":521,"minecraft:total_world_time":39130,"minecraft:fall_one_cm":18039},"minecraft:mined":{"minecraft:crafting_table":4,"minecraft:torch":1,"minecraft:acacia_log":1,"minecraft:grass_block":3,"minecraft:tall_grass":2,"minecraft:wall_torch":1,"minecraft:furnace":1,"minecraft:carrots":1,"minecraft:birch_log":32,"minecraft:grass":4,"minecraft:coal_ore":9,"minecraft:potatoes":2,"minecraft:oak_log":44,"minecraft:beetroots":2,"minecraft:dirt":14,"minecraft:stone":47},"minecraft:dropped":{"minecraft:wooden_pickaxe":1},"minecraft:killed":{"minecraft:pig":12,"minecraft:creeper":2,"minecraft:sheep":4,"minecraft:skeleton":1,"minecraft:zombie":1,"minecraft:chicken":1,"minecraft:cow":2},"minecraft:used":{"minecraft:beetroot":2,"minecraft:cooked_mutton":1,"minecraft:stone_sword":43,"minecraft:acacia_log":1,"minecraft:stone_pickaxe":11,"minecraft:wooden_pickaxe":46,"minecraft:torch":1,"minecraft:dirt":7,"minecraft:crafting_table":5,"minecraft:carrot":5,"minecraft:apple":1,"minecraft:stone_axe":97,"minecraft:furnace":1,"minecraft:cooked_porkchop":1,"minecraft:beetroot_seeds":2,"minecraft:potato":2},"minecraft:picked_up":{"minecraft:birch_log":32,"minecraft:crafting_table":4,"minecraft:feather":1,"minecraft:chicken":1,"minecraft:leather":2,"minecraft:brown_wool":1,"minecraft:potato":7,"minecraft:oak_log":44,"minecraft:gunpowder":2,"minecraft:dirt":17,"minecraft:beetroot":2,"minecraft:apple":1,"minecraft:bow":1,"minecraft:beef":6,"minecraft:birch_sapling":6,"minecraft:furnace":1,"minecraft:egg":3,"minecraft:stick":4,"minecraft:torch":2,"minecraft:acacia_log":1,"minecraft:porkchop":25,"minecraft:carrot":4,"minecraft:arrow":1,"minecraft:rotten_flesh":1,"minecraft:beetroot_seeds":6,"minecraft:oak_sapling":10,"minecraft:mutton":5,"minecraft:coal":9,"minecraft:white_wool":3,"minecraft:cobblestone":47},"minecraft:crafted":{"minecraft:oak_planks":20,"minecraft:cooked_porkchop":1,"morearmor:cobblestone_armor_helmet":1,"minecraft:crafting_table":2,"minecraft:wooden_pickaxe":1,"minecraft:furnace":1,"minecraft:stone_axe":1,"minecraft:cooked_mutton":1,"minecraft:air":0,"morearmor:cobblestone_armor_boots":1,"morearmor:cobblestone_armor_chestplate":1,"morearmor:cobblestone_armor_leggings":1,"minecraft:stick":4,"minecraft:stone_pickaxe":1,"minecraft:stone_sword":1}},"DataVersion":3465}