{"stats":{"minecraft:custom":{"minecraft:time_since_rest":5980,"minecraft:play_time":5980,"minecraft:sprint_one_cm":8114,"minecraft:damage_taken":20,"minecraft:walk_one_cm":7864,"minecraft:sneak_time":1,"minecraft:jump":25,"minecraft:leave_game":2,"minecraft:time_since_death":5980,"minecraft:total_world_time":5980,"minecraft:interact_with_crafting_table":1,"minecraft:fall_one_cm":879,"minecraft:fly_one_cm":3166},"minecraft:picked_up":{"minecraft:stick":2,"minecraft:acacia_log":1,"minecraft:oak_log":5,"minecraft:oak_sapling":2,"minecraft:dirt":3},"minecraft:mined":{"minecraft:acacia_log":1,"minecraft:grass_block":1,"minecraft:oak_log":5,"minecraft:dirt":2},"minecraft:used":{"minecraft:dirt":1,"minecraft:acacia_log":1,"minecraft:crafting_table":1},"minecraft:crafted":{"minecraft:oak_planks":20,"minecraft:crafting_table":1,"minecraft:wooden_pickaxe":1}},"DataVersion":3465}