{"stats":{"minecraft:broken":{"minecraft:iron_shovel":2,"morearmor:cobblestone_armor_helmet":1,"minecraft:stone_pickaxe":9,"minecraft:shield":1,"minecraft:iron_axe":1,"minecraft:stone_axe":2,"minecraft:iron_pickaxe":2,"minecraft:golden_pickaxe":1},"minecraft:dropped":{"minecraft:wheat_seeds":2,"minecraft:glow_ink_sac":2,"minecraft:structure_void":1,"minecraft:light_weighted_pressure_plate":2,"minecraft:torch":1,"minecraft:white_wool":2,"minecraft:player_head":1,"minecraft:iron_nugget":10,"minecraft:carrot":4,"minecraft:oak_sapling":1,"minecraft:spider_eye":1,"minecraft:egg":2},"minecraft:crafted":{"minecraft:oak_planks":188,"minecraft:barrel":3,"minecraft:oak_sign":3,"minetraps:nails":9,"minetraps:nail_trap":1,"minecraft:furnace":3,"minecraft:cobblestone_stairs":1,"minecraft:stone":328,"sophisticatedbackpacks:crafting_upgrade":1,"minecraft:cooked_mutton":11,"minecraft:oak_trapdoor":2,"minecraft:glass":24,"morearmor:cobblestone_armor_chestplate":1,"minecraft:iron_axe":2,"morearmor:cobblestone_armor_leggings":1,"minecraft:stone_pickaxe":8,"minecraft:chest":2,"minetraps:ghost_block":4,"minecraft:iron_door":3,"minecraft:oak_button":2,"minecraft:copper_block":1,"minecraft:redstone_block":1,"minecraft:rail":16,"minecraft:minecart":1,"minecraft:cooked_beef":13,"minecraft:oak_slab":12,"minecraft:cauldron":1,"minecraft:cooked_porkchop":11,"morearmor:cobblestone_armor_helmet":2,"minecraft:crafting_table":2,"minecraft:wooden_pickaxe":1,"minecraft:copper_ingot":28,"minecraft:gold_block":1,"minecraft:bucket":4,"minecraft:stone_axe":3,"sophisticatedbackpacks:upgrade_base":1,"minecraft:air":0,"securitycraft:door_indestructible_iron_item":1,"minecraft:paper":6,"minecraft:diamond_pickaxe":1,"minecraft:shield":1,"minecraft:stick":76,"minecraft:iron_ingot":139,"minecraft:iron_pickaxe":3,"minecraft:oak_stairs":8,"minecraft:iron_block":1,"minecraft:iron_shovel":1,"minecraft:gold_ingot":33,"minecraft:white_bed":1,"minecraft:acacia_planks":40,"minecraft:torch":112},"minecraft:mined":{"minecraft:diamond_ore":2,"minecraft:tuff":1,"minecraft:white_bed":11,"minecraft:deepslate_diamond_ore":5,"minecraft:cobblestone_stairs":19,"minecraft:obsidian":6,"minecraft:lever":16,"minecraft:granite":3,"minecraft:acacia_log":10,"minecraft:grass_block":218,"minecraft:composter":1,"minecraft:oak_wall_sign":3,"minecraft:redstone_ore":4,"minecraft:oak_trapdoor":4,"minecraft:furnace":6,"minecraft:carrots":7,"minecraft:iron_ore":134,"minecraft:barrel":2,"minecraft:cobbled_deepslate":4,"minecraft:andesite":1,"minecraft:deepslate_lapis_ore":8,"minecraft:bookshelf":4,"minecraft:pointed_dripstone":4,"minecraft:cobblestone_slab":11,"minecraft:deepslate_iron_ore":17,"minecraft:rail":101,"minecraft:oak_stairs":5,"minecraft:stone":1450,"minecraft:deepslate_redstone_ore":34,"minecraft:oak_slab":3,"minecraft:glass_pane":1,"expore:exp_ore":40,"minecraft:clay":4,"minecraft:crafting_table":16,"minecraft:torch":1,"expore:deepslate_exp_ore":26,"minetraps:ghost_block":4,"minecraft:structure_void":1,"minecraft:chest":8,"minecraft:copper_ore":8,"minecraft:tall_grass":1,"minecraft:cobblestone":147,"minecraft:deepslate_gold_ore":14,"minecraft:lapis_ore":10,"minecraft:oak_planks":17,"minecraft:sugar_cane":5,"minecraft:diorite":1,"minecraft:wall_torch":10,"minecraft:cactus":1,"minecraft:powered_rail":25,"minecraft:wheat":8,"minecraft:grass":16,"minecraft:oak_log":122,"minecraft:coal_ore":267,"minecraft:gravel":127,"minecraft:dirt":212,"minecraft:sand":82,"minecraft:acacia_planks":14,"minecraft:oak_button":5,"minecraft:stonecutter":1,"minecraft:gold_ore":10,"minecraft:oak_leaves":7,"minecraft:deepslate":34},"minecraft:picked_up":{"minecraft:crafting_table":16,"minecraft:wheat":6,"minecraft:clay_ball":16,"minecraft:golden_pickaxe":1,"minecraft:oak_stairs":5,"minecraft:shield":2,"minecraft:dragon_breath":1,"minecraft:string":10,"minecraft:oak_trapdoor":4,"minecraft:raw_copper":56,"minecraft:iron_axe":1,"minecraft:flint_and_steel":1,"minecraft:iron_shovel":3,"minecraft:oak_sign":3,"minecraft:cobbled_deepslate":47,"minecraft:light_weighted_pressure_plate":2,"minecraft:beef":16,"minecraft:cobblestone_slab":10,"minecraft:player_head":4,"minecraft:iron_nugget":20,"minecraft:iron_pickaxe":2,"minecraft:minecart":1,"minecraft:sugar_cane":26,"minecraft:chest":8,"minecraft:furnace":7,"minecraft:egg":7,"minecraft:tipped_arrow":6,"minecraft:stick":123,"minecraft:raw_iron":193,"minecraft:composter":1,"minecraft:torch":54,"minecraft:acacia_log":10,"minecraft:porkchop":11,"minecraft:pointed_dripstone":6,"minecraft:diorite":1,"minecraft:carrot":31,"minecraft:redstone":331,"minecraft:arrow":33,"minecraft:cactus":2,"minecraft:rotten_flesh":68,"morearmor:cobblestone_armor_chestplate":1,"sophisticatedbackpacks:copper_backpack":2,"minecraft:obsidian":5,"minecraft:mutton":11,"minecraft:rail":103,"minecraft:white_wool":9,"minecraft:cobblestone":1739,"minecraft:cooked_beef":11,"minecraft:golden_carrot":6,"minecraft:glow_ink_sac":2,"minecraft:water_bucket":1,"minecraft:andesite":1,"minecraft:leather":5,"minecraft:flint":10,"minecraft:tuff":1,"minecraft:oak_log":106,"minecraft:golden_boots":2,"minecraft:gunpowder":13,"minecraft:cobblestone_stairs":19,"minecraft:lapis_lazuli":236,"minecraft:dirt":422,"minecraft:cooked_mutton":6,"minecraft:bone":31,"minecraft:acacia_planks":36,"minecraft:apple":9,"minecraft:wheat_seeds":28,"minecraft:raw_gold":47,"minecraft:iron_ingot":31,"minecraft:stone_pickaxe":2,"minecraft:powered_rail":26,"minecraft:oak_planks":159,"minecraft:acacia_sapling":3,"minecraft:book":12,"minecraft:oak_slab":3,"minecraft:cooked_porkchop":8,"morearmor:cobblestone_armor_leggings":1,"minecraft:gravel":120,"minecraft:sand":156,"sophisticatedbackpacks:iron_backpack":2,"minecraft:white_bed":12,"minecraft:spider_eye":7,"minecraft:barrel":2,"minetraps:ghost_block":4,"minecraft:diamond":9,"minecraft:stone_axe":2,"minecraft:lever":15,"waystones:waystone":2,"minecraft:granite":1,"minecraft:oak_button":5,"minecraft:oak_sapling":52,"minecraft:coal":434,"minecraft:ender_pearl":1},"minecraft:killed":{"minecraft:witch":1,"minecraft:spider":9,"minecraft:skeleton":16,"minecraft:horse":1,"minecraft:cat":2,"minecraft:husk":1,"minecraft:pig":4,"minecraft:iron_golem":1,"minecraft:bat":1,"minecraft:creeper":10,"minecraft:sheep":9,"minecraft:zombie":36,"minecraft:enderman":4,"minecraft:cow":6},"minecraft:custom":{"minecraft:mob_kills":102,"minecraft:interact_with_crafting_table":20,"minecraft:open_barrel":48,"minecraft:leave_game":10,"minecraft:time_since_death":43611,"minecraft:climb_one_cm":1210,"minecraft:sprint_one_cm":499478,"minecraft:walk_one_cm":1307724,"minecraft:damage_blocked_by_shield":3270,"minecraft:drop":18,"minecraft:talked_to_villager":12,"minecraft:play_time":507720,"minecraft:sneak_time":6750,"minecraft:deaths":9,"minecraft:walk_under_water_one_cm":13211,"minecraft:jump":5581,"minecraft:walk_on_water_one_cm":23227,"minecraft:total_world_time":507720,"minecraft:interact_with_furnace":112,"minecraft:interact_with_stonecutter":10,"minecraft:sleep_in_bed":15,"minecraft:time_since_rest":12161,"minecraft:waystone_activated":3,"minecraft:damage_taken":5264,"minecraft:damage_dealt":20601,"minecraft:minecart_one_cm":674,"minecraft:swim_one_cm":2571,"minecraft:fly_one_cm":790207,"minecraft:open_chest":38,"minecraft:crouch_one_cm":16007,"minecraft:fall_one_cm":144709,"minecraft:use_cauldron":4},"minecraft:used":{"minecraft:oak_trapdoor":8,"minecraft:iron_shovel":547,"minecraft:oak_sign":10,"minecraft:chest":44,"minecraft:shield":57,"minecraft:stone":162,"minecraft:torch":81,"minecraft:dirt":381,"minecraft:carrot":5,"minecraft:acacia_sapling":3,"minecraft:tuff":1,"minecraft:granite":1,"minecraft:lava_bucket":2,"minecraft:iron_axe":212,"minecraft:oak_stairs":13,"minecraft:barrel":5,"minecraft:item_frame":1,"minecraft:oak_sapling":50,"minecraft:furnace":11,"minecraft:minecart":2,"minecraft:egg":3,"minecraft:cooked_beef":13,"minecraft:cobbled_deepslate":27,"minecraft:acacia_planks":32,"minecraft:pointed_dripstone":4,"minecraft:golden_boots":1,"minecraft:cooked_mutton":6,"minecraft:wheat_seeds":18,"minecraft:water_bucket":51,"minecraft:diorite":1,"minecraft:cobblestone_stairs":58,"minetraps:ghost_block":9,"securitycraft:door_indestructible_iron_item":2,"minecraft:stone_pickaxe":1682,"minecraft:powered_rail":47,"minecraft:oak_planks":33,"minecraft:wooden_pickaxe":4,"minecraft:structure_void":9,"minecraft:cauldron":2,"minecraft:stonecutter":1,"minecraft:cobblestone_slab":69,"minecraft:sand":55,"minecraft:rail":238,"minecraft:oak_slab":9,"minecraft:crafting_table":16,"minecraft:spider_eye":1,"minecraft:white_bed":12,"waystones:waystone":3,"minecraft:lever":37,"minecraft:diamond_pickaxe":7,"minecraft:apple":2,"minecraft:iron_pickaxe":651,"minecraft:oak_button":5,"minecraft:gravel":5,"minecraft:stone_axe":225,"minetraps:nail_trap":1,"minecraft:cobblestone":596,"minecraft:cooked_porkchop":8,"minecraft:andesite":1,"minecraft:bucket":57,"minecraft:repeating_command_block":2,"minecraft:golden_pickaxe":33,"minecraft:splash_potion":6}},"DataVersion":3465}