{"stats":{"minecraft:custom":{"minecraft:mob_kills":22,"minecraft:interact_with_crafting_table":22,"minecraft:leave_game":7,"minecraft:time_since_death":12725,"minecraft:sprint_one_cm":242629,"minecraft:walk_one_cm":339846,"minecraft:damage_blocked_by_shield":660,"minecraft:drop":56,"minecraft:talked_to_villager":6,"minecraft:play_time":138132,"minecraft:deaths":7,"minecraft:sneak_time":1245,"minecraft:walk_under_water_one_cm":7236,"minecraft:jump":1692,"minecraft:walk_on_water_one_cm":8048,"minecraft:total_world_time":138132,"minecraft:interact_with_furnace":17,"minecraft:interact_with_stonecutter":1,"minecraft:sleep_in_bed":3,"minecraft:time_since_rest":12794,"minecraft:damage_taken":2251,"minecraft:damage_dealt":4701,"minecraft:swim_one_cm":9473,"minecraft:fly_one_cm":384333,"minecraft:player_kills":1,"minecraft:open_chest":12,"minecraft:crouch_one_cm":793,"minecraft:fall_one_cm":44793},"minecraft:picked_up":{"minecraft:crafting_table":40,"minecraft:shield":5,"minecraft:string":5,"minecraft:iron_axe":2,"minecraft:raw_copper":24,"minecraft:cobbled_deepslate":20,"minecraft:spruce_planks":245,"minecraft:iron_nugget":10,"minecraft:poppy":1,"minecraft:iron_pickaxe":5,"minecraft:sugar_cane":31,"minecraft:birch_sapling":8,"minecraft:furnace":8,"minecraft:stick":164,"minecraft:raw_iron":57,"minecraft:torch":156,"morearmor:dirt_armor_boots":1,"minecraft:porkchop":2,"morearmor:cobblestone_armor_boots":1,"minecraft:stone_shovel":1,"minecraft:arrow":20,"minecraft:rotten_flesh":13,"morearmor:cobblestone_armor_chestplate":2,"minecraft:saddle":3,"minecraft:cobblestone":328,"minecraft:birch_log":14,"morearmor:dirt_armor_chestplate":5,"minecraft:leather_chestplate":5,"minecraft:water_bucket":1,"minecraft:glow_ink_sac":3,"minecraft:andesite":1,"minecraft:birch_planks":72,"minecraft:flint":9,"minecraft:oak_log":81,"minecraft:gunpowder":5,"morearmor:sugarcane_armor_boots":5,"minecraft:paper":1,"minecraft:dirt":78,"minecraft:lapis_lazuli":13,"minecraft:blue_bed":7,"minecraft:leather_boots":5,"minecraft:bone":8,"minecraft:apple":3,"minecraft:iron_ingot":49,"minecraft:stone_pickaxe":6,"minecraft:book":60,"minecraft:pumpkin":77,"minecraft:sweet_berries":450,"morearmor:cobblestone_armor_leggings":2,"minecraft:lava_bucket":4,"minecraft:gravel":162,"minecraft:spruce_log":28,"minecraft:spider_eye":1,"morearmor:cobblestone_armor_helmet":2,"musketmod:musket":1,"morearmor:dirt_armor_leggings":3,"morearmor:dirt_armor_helmet":2,"minecraft:stone_axe":2,"musketmod:cartridge":5,"minecraft:granite":1,"minecraft:emerald":4,"minecraft:bread":18,"minecraft:baked_potato":3,"minecraft:oak_sapling":5,"minecraft:coal":409},"minecraft:used":{"minecraft:stone_shovel":163,"minecraft:shield":10,"minecraft:wooden_shovel":35,"minecraft:rotten_flesh":2,"minecraft:torch":36,"minecraft:dirt":29,"minecraft:lava_bucket":15,"minecraft:iron_axe":91,"minecraft:birch_sapling":4,"minecraft:sweet_berries":28,"minecraft:oak_sapling":1,"minecraft:furnace":4,"minecraft:potato":3,"minecraft:cobbled_deepslate":3,"minecraft:stone_pickaxe":143,"minecraft:baked_potato":1,"minecraft:wooden_pickaxe":12,"minecraft:blue_bed":3,"minecraft:crafting_table":17,"minecraft:bread":2,"minecraft:iron_pickaxe":23,"minecraft:gravel":151,"minecraft:stone_axe":90,"minecraft:cobblestone":7,"minecraft:cooked_porkchop":2,"minecraft:andesite":1,"minecraft:bucket":17},"minecraft:crafted":{"minecraft:oak_planks":20,"minecraft:stone_shovel":2,"minecraft:iron_nugget":9,"minecraft:furnace":1,"minecraft:flint_and_steel":1,"morearmor:cobblestone_armor_boots":1,"morearmor:cobblestone_armor_chestplate":1,"minecraft:iron_axe":1,"morearmor:cobblestone_armor_leggings":1,"minecraft:stone_pickaxe":2,"morearmor:sugarcane_armor_boots":1,"morearmor:dirt_armor_chestplate":1,"musketmod:musket":1,"musketmod:cartridge":6,"minecraft:wooden_shovel":1,"minecraft:cooked_porkchop":2,"morearmor:cobblestone_armor_helmet":1,"minecraft:crafting_table":1,"minecraft:spruce_planks":112,"minecraft:wooden_pickaxe":1,"minecraft:baked_potato":1,"minecraft:bucket":2,"minecraft:birch_planks":56,"minecraft:stone_axe":1,"minecraft:air":0,"minecraft:paper":3,"minecraft:shield":1,"minecraft:stick":88,"minecraft:iron_ingot":26,"morearmor:dirt_armor_leggings":1,"morearmor:dirt_armor_helmet":1,"morearmor:dirt_armor_boots":1,"minecraft:torch":72},"minecraft:mined":{"minecraft:grass_block":26,"minecraft:spruce_leaves":2,"minecraft:large_fern":2,"minecraft:furnace":4,"minecraft:iron_ore":16,"minecraft:andesite":1,"minecraft:pumpkin":14,"minecraft:bookshelf":4,"minecraft:deepslate_iron_ore":1,"minecraft:stone":67,"minecraft:crafting_table":20,"minecraft:torch":4,"minecraft:sugar_cane":6,"minecraft:wall_torch":5,"minecraft:blue_bed":3,"minecraft:birch_log":14,"minecraft:sweet_berry_bush":42,"minecraft:spruce_log":28,"minecraft:oak_log":43,"minecraft:coal_ore":81,"minecraft:gravel":163,"minecraft:dirt":35,"minecraft:oak_leaves":2,"minecraft:deepslate":5,"minecraft:fern":3},"minecraft:broken":{"minecraft:stone_pickaxe":1,"morearmor:dirt_armor_helmet":1,"minecraft:stone_axe":1,"minecraft:stone_shovel":1},"minecraft:killed_by":{"minecraft:spider":1,"minecraft:skeleton":3},"minecraft:killed":{"minecraft:spider":1,"minecraft:skeleton":3,"minecraft:pig":1,"minecraft:iron_golem":1,"minecraft:creeper":2,"minecraft:zombie":10},"minecraft:dropped":{"minecraft:birch_planks":7,"minecraft:lapis_lazuli":13,"minecraft:glow_ink_sac":3,"minecraft:cobblestone":8,"minecraft:apple":3,"minecraft:saddle":3,"morearmor:enderpearl_armor_chestplate":1,"minecraft:torch":2,"minecraft:pumpkin":14,"minecraft:string":3,"minecraft:bone":4,"minecraft:gravel":8,"minecraft:sweet_berries":1,"minecraft:cobbled_deepslate":10,"minecraft:raw_copper":24,"morearmor:dirt_armor_chestplate":3,"minecraft:birch_sapling":4,"minecraft:rotten_flesh":11,"minecraft:poppy":1,"minecraft:leather_chestplate":1,"minecraft:shield":1,"minecraft:gunpowder":1,"morearmor:dirt_armor_leggings":2,"morearmor:dirt_armor_boots":2,"minecraft:leather_boots":1,"minecraft:oak_sapling":4,"morearmor:cobblestone_armor_boots":1,"minecraft:leather_leggings":1,"minecraft:spider_eye":1,"minecraft:stone_pickaxe":1}},"DataVersion":3465}