{"stats":{"minecraft:custom":{"minecraft:interact_with_furnace":17,"minecraft:mob_kills":27,"minecraft:interact_with_crafting_table":11,"minecraft:leave_game":3,"minecraft:time_since_death":51488,"minecraft:sleep_in_bed":4,"minecraft:climb_one_cm":482,"minecraft:time_since_rest":12450,"minecraft:sprint_one_cm":155005,"minecraft:damage_taken":1200,"minecraft:walk_one_cm":314724,"minecraft:damage_blocked_by_shield":315,"minecraft:drop":7,"minecraft:damage_dealt":4843,"minecraft:swim_one_cm":1773,"minecraft:fly_one_cm":164081,"minecraft:crouch_one_cm":2495,"minecraft:play_time":102830,"minecraft:deaths":1,"minecraft:sneak_time":815,"minecraft:walk_under_water_one_cm":8607,"minecraft:jump":1484,"minecraft:walk_on_water_one_cm":6638,"minecraft:total_world_time":102830,"minecraft:fall_one_cm":27515},"minecraft:mined":{"minecraft:white_bed":3,"expore:exp_ore":25,"minecraft:deepslate_diamond_ore":2,"minecraft:crafting_table":9,"minecraft:torch":1,"minecraft:granite":3,"minecraft:acacia_log":10,"expore:deepslate_exp_ore":8,"minecraft:grass_block":18,"minecraft:structure_void":1,"minecraft:cobblestone":1,"minecraft:lapis_ore":8,"minecraft:sugar_cane":5,"minecraft:diorite":1,"minecraft:cactus":1,"minecraft:furnace":3,"minecraft:iron_ore":50,"minecraft:andesite":1,"minecraft:grass":2,"minecraft:pointed_dripstone":2,"minecraft:deepslate_iron_ore":3,"minecraft:coal_ore":101,"minecraft:oak_log":66,"minecraft:gravel":1,"minecraft:sand":1,"minecraft:dirt":28,"minecraft:stone":122,"minecraft:gold_ore":10,"minecraft:deepslate":7,"minecraft:oak_leaves":7},"minecraft:crafted":{"minecraft:cooked_beef":6,"minecraft:oak_planks":116,"minecraft:cooked_porkchop":3,"minecraft:crafting_table":2,"minecraft:wooden_pickaxe":1,"minecraft:furnace":2,"minecraft:stone_axe":2,"minecraft:cooked_mutton":5,"minecraft:air":0,"minecraft:shield":1,"minecraft:stick":44,"minecraft:iron_ingot":4,"minecraft:iron_pickaxe":1,"minecraft:stone_pickaxe":3,"minecraft:white_bed":1,"minecraft:acacia_planks":40,"minecraft:torch":8},"minecraft:killed":{"minecraft:husk":1,"minecraft:pig":1,"minecraft:spider":4,"minecraft:creeper":5,"minecraft:skeleton":3,"minecraft:sheep":5,"minecraft:zombie":5,"minecraft:cow":3},"minecraft:used":{"minecraft:cooked_mutton":5,"minecraft:diorite":1,"minecraft:stone_pickaxe":293,"minecraft:shield":9,"minecraft:wooden_pickaxe":4,"minecraft:structure_void":8,"minecraft:torch":5,"minecraft:dirt":15,"minecraft:sand":1,"minecraft:crafting_table":9,"minecraft:spider_eye":1,"minecraft:white_bed":4,"minecraft:acacia_sapling":3,"minecraft:granite":1,"minecraft:apple":2,"minecraft:iron_pickaxe":50,"minecraft:gravel":1,"minecraft:stone_axe":138,"minecraft:cobblestone":30,"minecraft:oak_sapling":14,"minecraft:furnace":4,"minecraft:cooked_porkchop":2,"minecraft:andesite":1,"minecraft:repeating_command_block":2,"minecraft:egg":2,"minecraft:acacia_planks":12,"minecraft:cobbled_deepslate":7},"minecraft:picked_up":{"minecraft:crafting_table":9,"minecraft:glow_ink_sac":2,"minecraft:andesite":1,"minecraft:leather":2,"minecraft:oak_log":49,"minecraft:gunpowder":3,"minecraft:lapis_lazuli":56,"minecraft:string":1,"minecraft:dirt":46,"minecraft:bone":4,"minecraft:apple":2,"minecraft:wheat_seeds":2,"minecraft:cobbled_deepslate":7,"minecraft:raw_gold":10,"minecraft:beef":9,"minecraft:stone_pickaxe":1,"minecraft:player_head":1,"minecraft:sugar_cane":13,"minecraft:oak_planks":63,"minecraft:acacia_sapling":3,"minecraft:egg":2,"minecraft:furnace":3,"minecraft:tipped_arrow":3,"minecraft:stick":44,"minecraft:raw_iron":52,"minecraft:torch":9,"minecraft:acacia_log":10,"minecraft:gravel":1,"minecraft:porkchop":3,"minecraft:sand":1,"minecraft:pointed_dripstone":2,"minecraft:diorite":1,"minecraft:white_bed":3,"minecraft:spider_eye":3,"minecraft:arrow":2,"minecraft:cactus":2,"minecraft:rotten_flesh":9,"minecraft:diamond":2,"minecraft:granite":1,"minecraft:oak_sapling":16,"minecraft:mutton":5,"minecraft:coal":99,"minecraft:white_wool":5,"minecraft:cobblestone":132},"minecraft:broken":{"minecraft:stone_pickaxe":2},"minecraft:dropped":{"minecraft:glow_ink_sac":2,"minecraft:structure_void":1,"minecraft:torch":1,"minecraft:oak_sapling":1,"minecraft:white_wool":2}},"DataVersion":3465}