{"stats":{"minecraft:custom":{"minecraft:time_since_rest":28969,"minecraft:sprint_one_cm":14651,"minecraft:play_time":28969,"minecraft:damage_taken":20,"minecraft:walk_one_cm":27103,"minecraft:drop":1,"minecraft:jump":153,"minecraft:leave_game":3,"minecraft:time_since_death":28969,"minecraft:total_world_time":28969,"minecraft:interact_with_crafting_table":2,"minecraft:fall_one_cm":1494,"minecraft:fly_one_cm":27095},"minecraft:crafted":{"minecraft:oak_planks":20,"minecraft:crafting_table":1,"minecraft:stick":8,"minecraft:stone_pickaxe":1,"minecraft:wooden_pickaxe":1},"minecraft:mined":{"minecraft:grass_block":3,"minecraft:oak_log":5,"minecraft:structure_void":1,"minecraft:dirt":19,"minecraft:stone":4,"minecraft:crafting_table":1},"minecraft:used":{"minecraft:crafting_table":1,"minecraft:repeating_command_block":2,"minecraft:wooden_pickaxe":4,"minecraft:structure_void":8},"minecraft:picked_up":{"minecraft:crafting_table":1,"minecraft:oak_log":5,"minecraft:dirt":22,"minecraft:cobblestone":4},"minecraft:dropped":{"minecraft:structure_void":1}},"DataVersion":3465}