{"stats":{"minecraft:custom":{"minecraft:interact_with_crafting_table":21,"minecraft:open_barrel":75,"minecraft:leave_game":14,"minecraft:time_since_death":2444,"minecraft:sprint_one_cm":734876,"minecraft:damage_blocked_by_shield":5295,"minecraft:drop":37,"minecraft:talked_to_villager":18,"minecraft:play_time":735996,"minecraft:deaths":19,"minecraft:jump":8344,"minecraft:walk_on_water_one_cm":32363,"minecraft:interact_with_furnace":146,"minecraft:sleep_in_bed":18,"minecraft:waystone_activated":6,"minecraft:damage_dealt":30405,"minecraft:crouch_one_cm":28838,"minecraft:use_cauldron":6,"minecraft:mob_kills":152,"minecraft:interact_with_anvil":3,"minecraft:climb_one_cm":12422,"minecraft:walk_one_cm":1853758,"minecraft:sneak_time":13740,"minecraft:walk_under_water_one_cm":23788,"minecraft:interact_with_blast_furnace":4,"minecraft:total_world_time":735996,"minecraft:interact_with_stonecutter":14,"minecraft:time_since_rest":2473,"minecraft:damage_taken":9418,"minecraft:minecart_one_cm":11633,"minecraft:swim_one_cm":27214,"minecraft:fly_one_cm":1209770,"minecraft:open_chest":84,"minecraft:fall_one_cm":221662},"minecraft:dropped":{"sophisticatedbackpacks:iron_backpack":2,"minecraft:glow_ink_sac":2,"minecraft:structure_void":1,"minecraft:light_weighted_pressure_plate":2,"minecraft:cobblestone_stairs":1,"minecraft:white_wool":2,"minecraft:iron_nugget":10,"minecraft:carrot":6,"minecraft:egg":2,"minecraft:iron_ingot":52,"minecraft:wheat_seeds":2,"minecraft:cobblestone":2,"minecraft:torch":1,"minecraft:repeater":1,"minecraft:iron_axe":3,"minecraft:iron_shovel":1,"minecraft:player_head":1,"minecraft:shield":1,"minecraft:spruce_trapdoor":1,"minecraft:oak_sapling":1,"minecraft:spider_eye":3,"sophisticatedbackpacks:copper_backpack":1},"minecraft:killed_by":{"minecraft:skeleton":1},"minecraft:crafted":{"minecraft:smooth_stone":3,"minecraft:oak_planks":208,"minecraft:oak_sign":3,"minecraft:barrel":3,"minetraps:nail_trap":1,"minecraft:stone":328,"minecraft:cobblestone_stairs":1,"sophisticatedbackpacks:crafting_upgrade":1,"minecraft:cooked_mutton":11,"minecraft:glass":34,"minecraft:chest":3,"minecraft:copper_block":1,"minecraft:oak_button":3,"minecraft:iron_door":3,"minecraft:rail":16,"minecraft:oak_fence":3,"minecraft:oak_slab":12,"minecraft:cauldron":1,"minecraft:cooked_porkchop":11,"morearmor:cobblestone_armor_helmet":2,"minecraft:crafting_table":2,"minecraft:wooden_pickaxe":1,"minecraft:copper_ingot":40,"minecraft:gold_block":1,"sophisticatedbackpacks:upgrade_base":1,"minecraft:paper":6,"minecraft:diamond_pickaxe":1,"minecraft:shield":1,"minecraft:stick":76,"minecraft:iron_ingot":206,"minecraft:iron_pickaxe":3,"minecraft:iron_block":1,"minecraft:gold_ingot":38,"minetraps:nails":9,"minecraft:furnace":3,"minecraft:stone_button":1,"minecraft:oak_trapdoor":2,"morearmor:cobblestone_armor_chestplate":1,"minecraft:iron_axe":3,"morearmor:cobblestone_armor_leggings":2,"minecraft:ladder":9,"minecraft:stone_pickaxe":8,"minetraps:ghost_block":4,"minecraft:redstone_block":1,"minecraft:minecart":1,"minecraft:cooked_beef":13,"minecraft:coal_block":1,"minecraft:bucket":4,"minecraft:stone_axe":3,"minecraft:air":0,"securitycraft:door_indestructible_iron_item":1,"minecraft:oak_stairs":8,"minecraft:iron_shovel":1,"minecraft:anvil":1,"minecraft:white_bed":1,"minecraft:acacia_planks":40,"minecraft:torch":112},"minecraft:picked_up":{"minecraft:wheat":6,"minecraft:lead":5,"minecraft:oak_stairs":5,"minecraft:string":12,"minecraft:raw_copper":79,"minecraft:oak_sign":7,"minecraft:cobbled_deepslate":47,"minecraft:light_weighted_pressure_plate":2,"minecraft:cobblestone_slab":33,"minecraft:iron_pickaxe":4,"minecraft:furnace":9,"minecraft:tipped_arrow":6,"minecraft:stick":142,"minecraft:composter":1,"minecraft:oak_fence":3,"minecraft:torch":110,"minecraft:acacia_log":10,"minecraft:porkchop":14,"minecraft:pointed_dripstone":6,"minecraft:diorite":2,"minecraft:rotten_flesh":89,"minecraft:cactus":2,"morearmor:cobblestone_armor_chestplate":2,"expore:exp_ore":2,"minecraft:white_terracotta":1,"minecraft:obsidian":5,"minecraft:cobblestone":1996,"minecraft:magma_block":9,"minecraft:cooked_beef":11,"minecraft:iron_door":3,"minecraft:water_bucket":2,"minecraft:andesite":1,"minecraft:flint":10,"minecraft:tuff":1,"minecraft:lapis_lazuli":253,"minecraft:dirt":537,"minecraft:leather_boots":1,"minecraft:glass":10,"minecraft:bone":56,"minecraft:acacia_planks":36,"minecraft:wheat_seeds":28,"minecraft:raw_gold":52,"minecraft:powered_rail":82,"minecraft:oak_planks":198,"minecraft:cooked_porkchop":8,"minecraft:sand":156,"sophisticatedbackpacks:iron_backpack":5,"minecraft:grass_block":2,"minecraft:barrel":2,"minetraps:ghost_block":17,"minecraft:diamond":9,"waystones:waystone":5,"minecraft:lever":38,"minecraft:granite":6,"minecraft:oak_sapling":54,"minecraft:crafting_table":16,"minecraft:splash_potion":1,"minecraft:clay_ball":16,"minecraft:golden_pickaxe":1,"minecraft:shield":4,"minecraft:dragon_breath":2,"minecraft:oak_trapdoor":4,"minecraft:iron_axe":4,"minecraft:flint_and_steel":1,"minecraft:iron_shovel":5,"minecraft:beef":16,"minecraft:player_head":5,"minecraft:iron_nugget":20,"minecraft:poppy":1,"minecraft:minecart":11,"minecraft:sugar_cane":35,"minecraft:chest":11,"minecraft:spruce_trapdoor":1,"minecraft:egg":8,"minecraft:raw_iron":270,"minecraft:stone":3,"minecraft:oak_door":2,"minecraft:stone_button":1,"minecraft:carrot":31,"minecraft:redstone":331,"minecraft:arrow":70,"sophisticatedbackpacks:copper_backpack":2,"minecraft:mutton":11,"minecraft:white_wool":9,"minecraft:rail":443,"minecraft:lapis_ore":1,"minecraft:golden_carrot":6,"minecraft:glow_ink_sac":2,"minecraft:leather":5,"minecraft:oak_log":174,"minecraft:gunpowder":18,"minecraft:golden_boots":3,"minecraft:yellow_bed":1,"minecraft:cobblestone_wall":28,"minecraft:cobblestone_stairs":29,"minecraft:cooked_mutton":8,"minecraft:apple":9,"minecraft:stone_pickaxe":3,"minecraft:iron_ingot":46,"minecraft:iron_ore":25,"minecraft:acacia_sapling":3,"minecraft:book":12,"minecraft:oak_slab":3,"minecraft:dandelion":2,"morearmor:cobblestone_armor_leggings":2,"minecraft:gravel":120,"minecraft:lava_bucket":1,"minecraft:blast_furnace":1,"minecraft:white_bed":14,"minecraft:gold_ore":8,"minecraft:spider_eye":9,"morearmor:cobblestone_armor_helmet":1,"minecraft:stone_axe":2,"minecraft:oak_button":6,"minecraft:coal":500,"minecraft:ender_pearl":1},"minecraft:used":{"minecraft:iron_shovel":612,"minecraft:ladder":9,"minecraft:oak_sign":24,"minecraft:chest":58,"minecraft:shield":95,"minecraft:stone":191,"morearmor:cobblestone_armor_helmet":1,"minecraft:carrot":23,"minecraft:acacia_sapling":3,"minecraft:tuff":1,"minecraft:glass":30,"minecraft:lava_bucket":3,"minecraft:grass_block":2,"minecraft:item_frame":1,"minecraft:repeater":4,"minecraft:furnace":11,"minecraft:oak_sapling":50,"minecraft:egg":4,"minecraft:golden_boots":1,"minecraft:diorite":1,"securitycraft:door_indestructible_iron_item":2,"minecraft:powered_rail":59,"minecraft:stone_pickaxe":1993,"minecraft:oak_planks":52,"minecraft:wooden_pickaxe":4,"minecraft:composter":4,"minecraft:structure_void":9,"minecraft:sand":55,"minecraft:blast_furnace":1,"minecraft:redstone_torch":1,"waystones:waystone":6,"minecraft:lever":46,"minecraft:stone_button":2,"minecraft:iron_door":5,"minecraft:gravel":5,"morearmor:cobblestone_armor_leggings":1,"morearmor:cobblestone_armor_chestplate":1,"minecraft:andesite":1,"minecraft:golden_pickaxe":33,"minecraft:oak_trapdoor":34,"minecraft:oak_fence":2,"minecraft:redstone":12,"minecraft:oak_door":2,"minecraft:torch":116,"minecraft:dirt":441,"minecraft:anvil":1,"minecraft:hopper":7,"minecraft:cobblestone_wall":28,"minecraft:granite":1,"minecraft:iron_axe":338,"minecraft:oak_stairs":13,"minecraft:barrel":5,"minecraft:iron_trapdoor":1,"minecraft:minecart":12,"minecraft:cooked_beef":13,"minecraft:acacia_planks":32,"minecraft:cobbled_deepslate":27,"minecraft:pointed_dripstone":4,"minecraft:wheat_seeds":18,"minecraft:cooked_mutton":11,"minecraft:water_bucket":85,"minecraft:cobblestone_stairs":82,"minetraps:ghost_block":28,"minecraft:cauldron":2,"minecraft:stonecutter":1,"minecraft:cobblestone_slab":89,"minecraft:rail":334,"minecraft:oak_slab":9,"minecraft:crafting_table":16,"minecraft:spider_eye":1,"minecraft:white_bed":20,"minecraft:piston":1,"minecraft:diamond_pickaxe":7,"minecraft:apple":2,"minecraft:oak_button":7,"minecraft:iron_pickaxe":1039,"minecraft:spruce_trapdoor":9,"minecraft:stone_axe":225,"minetraps:nail_trap":1,"minecraft:cobblestone":754,"minecraft:cooked_porkchop":11,"minecraft:bucket":92,"minecraft:yellow_bed":1,"minecraft:repeating_command_block":2,"minecraft:splash_potion":14},"minecraft:broken":{"morearmor:cobblestone_armor_leggings":2,"minecraft:iron_shovel":3,"minecraft:golden_boots":1,"minecraft:stone_pickaxe":12,"morearmor:cobblestone_armor_chestplate":1,"minecraft:stone_axe":2,"morearmor:cobblestone_armor_helmet":2,"minecraft:shield":1,"minecraft:iron_axe":1,"minecraft:iron_pickaxe":3,"minecraft:golden_pickaxe":1},"minecraft:mined":{"minecraft:white_bed":13,"minecraft:cobblestone_stairs":29,"minecraft:obsidian":6,"minecraft:granite":8,"minecraft:acacia_log":10,"minecraft:grass_block":252,"minecraft:composter":1,"minecraft:oak_wall_sign":5,"minecraft:magma_block":9,"minecraft:iron_ore":236,"minecraft:cobbled_deepslate":4,"minecraft:barrel":2,"minecraft:deepslate_lapis_ore":9,"minecraft:pointed_dripstone":4,"minecraft:oak_sign":2,"minecraft:oak_stairs":5,"minecraft:deepslate_redstone_ore":34,"expore:exp_ore":60,"minecraft:clay":4,"minecraft:torch":1,"minecraft:blast_furnace":1,"expore:deepslate_exp_ore":26,"minetraps:ghost_block":17,"minecraft:chest":11,"minecraft:cobblestone":207,"minecraft:sugar_cane":9,"minecraft:oak_planks":22,"minecraft:iron_door":2,"minecraft:wall_torch":15,"minecraft:white_terracotta":1,"minecraft:powered_rail":53,"minecraft:wheat":8,"minecraft:grass":18,"minecraft:oak_log":126,"minecraft:sand":82,"minecraft:dirt":267,"minecraft:stonecutter":1,"minecraft:oak_leaves":7,"minecraft:deepslate":34,"minecraft:diamond_ore":2,"minecraft:tuff":1,"minecraft:deepslate_diamond_ore":5,"minecraft:oak_door":2,"minecraft:lever":23,"minecraft:ladder":1,"minecraft:stone_button":1,"minecraft:redstone_ore":4,"minecraft:oak_trapdoor":4,"minecraft:furnace":8,"minecraft:carrots":7,"minecraft:andesite":1,"minecraft:bookshelf":4,"minecraft:deepslate_iron_ore":17,"minecraft:cobblestone_slab":29,"minecraft:rail":319,"minecraft:stone":1586,"minecraft:oak_slab":3,"minecraft:glass_pane":2,"minecraft:dandelion":1,"minecraft:oak_fence":1,"minecraft:crafting_table":16,"minecraft:structure_void":1,"minecraft:tall_grass":1,"minecraft:copper_ore":14,"minecraft:lapis_ore":13,"minecraft:deepslate_gold_ore":14,"minecraft:diorite":2,"minecraft:cactus":1,"minecraft:cobblestone_wall":2,"minecraft:yellow_bed":1,"minecraft:coal_ore":310,"minecraft:gravel":127,"minecraft:acacia_planks":14,"minecraft:oak_button":6,"minecraft:gold_ore":23},"minecraft:killed":{"minecraft:witch":1,"minecraft:spider":12,"minecraft:skeleton":31,"minecraft:cat":2,"minecraft:pig":5,"minecraft:iron_golem":3,"minecraft:creeper":15,"minecraft:sheep":9,"minecraft:zombie":55,"minecraft:cow":6,"minecraft:horse":1,"minecraft:husk":2,"minecraft:bat":1,"minecraft:enderman":5}},"DataVersion":3465}