{"stats":{"minecraft:mined":{"minecraft:oak_log":1,"minecraft:stone":18,"minecraft:birch_leaves":1,"minecraft:crafting_table":1},"minecraft:dropped":{"minecraft:birch_sapling":1},"minecraft:used":{"minecraft:crafting_table":2,"minecraft:stone_pickaxe":15,"minecraft:wooden_pickaxe":3,"minecraft:cut_sandstone":1},"minecraft:custom":{"minecraft:open_barrel":4,"minecraft:time_since_rest":968,"minecraft:open_chest":10,"minecraft:crouch_one_cm":271,"minecraft:sprint_one_cm":14845,"minecraft:play_time":13397,"minecraft:damage_taken":595,"minecraft:deaths":2,"minecraft:walk_one_cm":15258,"minecraft:sneak_time":482,"minecraft:drop":1,"minecraft:jump":60,"minecraft:damage_dealt":12,"minecraft:leave_game":1,"minecraft:time_since_death":944,"minecraft:total_world_time":13397,"minecraft:interact_with_crafting_table":2,"minecraft:fall_one_cm":2189,"minecraft:fly_one_cm":77541},"minecraft:crafted":{"minecraft:oak_planks":36,"minecraft:crafting_table":2,"minecraft:stick":72,"minecraft:wooden_pickaxe":1,"minecraft:stone_pickaxe":1},"minecraft:picked_up":{"minecraft:stick":68,"minecraft:crafting_table":2,"minecraft:sandstone":26,"minecraft:bone":2,"minecraft:rotten_flesh":9,"minecraft:cut_sandstone":3,"minecraft:wooden_pickaxe":1,"minecraft:stone_pickaxe":1,"minecraft:sand":2,"minecraft:oak_log":57,"minecraft:diorite":1,"minecraft:gunpowder":2,"minecraft:oak_planks":53,"minecraft:birch_sapling":2,"minecraft:cobblestone":112}},"DataVersion":3465}