{"stats":{"minecraft:custom":{"minecraft:mob_kills":87,"minecraft:interact_with_crafting_table":20,"minecraft:open_barrel":28,"minecraft:leave_game":5,"minecraft:time_since_death":41096,"minecraft:climb_one_cm":786,"minecraft:sprint_one_cm":379044,"minecraft:walk_one_cm":1036886,"minecraft:damage_blocked_by_shield":2790,"minecraft:drop":14,"minecraft:talked_to_villager":4,"minecraft:play_time":391335,"minecraft:deaths":7,"minecraft:sneak_time":3401,"minecraft:walk_under_water_one_cm":13211,"minecraft:jump":4478,"minecraft:walk_on_water_one_cm":19947,"minecraft:total_world_time":391335,"minecraft:interact_with_furnace":100,"minecraft:interact_with_stonecutter":9,"minecraft:sleep_in_bed":10,"minecraft:time_since_rest":40671,"minecraft:waystone_activated":3,"minecraft:damage_taken":4328,"minecraft:damage_dealt":17876,"minecraft:swim_one_cm":2571,"minecraft:fly_one_cm":627255,"minecraft:open_chest":3,"minecraft:crouch_one_cm":5363,"minecraft:use_cauldron":1,"minecraft:fall_one_cm":115590},"minecraft:mined":{"minecraft:diamond_ore":2,"minecraft:tuff":1,"minecraft:white_bed":9,"minecraft:deepslate_diamond_ore":5,"minecraft:cobblestone_stairs":9,"minecraft:obsidian":6,"minecraft:granite":3,"minecraft:acacia_log":10,"minecraft:grass_block":87,"minecraft:redstone_ore":4,"minecraft:furnace":6,"minecraft:carrots":7,"minecraft:barrel":1,"minecraft:cobbled_deepslate":3,"minecraft:iron_ore":122,"minecraft:andesite":1,"minecraft:deepslate_lapis_ore":8,"minecraft:cobblestone_slab":8,"minecraft:bookshelf":4,"minecraft:pointed_dripstone":4,"minecraft:deepslate_iron_ore":17,"minecraft:oak_stairs":5,"minecraft:stone":1358,"minecraft:deepslate_redstone_ore":34,"minecraft:oak_slab":3,"expore:exp_ore":40,"minecraft:clay":4,"minecraft:crafting_table":16,"minecraft:torch":1,"expore:deepslate_exp_ore":26,"minecraft:structure_void":1,"minecraft:copper_ore":8,"minecraft:cobblestone":115,"minecraft:tall_grass":1,"minecraft:deepslate_gold_ore":14,"minecraft:lapis_ore":10,"minecraft:sugar_cane":5,"minecraft:oak_planks":13,"minecraft:diorite":1,"minecraft:wall_torch":8,"minecraft:cactus":1,"minecraft:wheat":8,"minecraft:grass":8,"minecraft:oak_log":111,"minecraft:coal_ore":255,"minecraft:gravel":2,"minecraft:sand":79,"minecraft:dirt":162,"minecraft:acacia_planks":14,"minecraft:oak_button":5,"minecraft:gold_ore":10,"minecraft:oak_leaves":7,"minecraft:deepslate":34},"minecraft:dropped":{"minecraft:wheat_seeds":2,"minecraft:glow_ink_sac":2,"minecraft:structure_void":1,"minecraft:light_weighted_pressure_plate":2,"minecraft:torch":1,"minecraft:white_wool":2,"minecraft:iron_nugget":10,"minecraft:player_head":1,"minecraft:oak_sapling":1,"minecraft:egg":2},"minecraft:killed":{"minecraft:spider":6,"minecraft:skeleton":13,"minecraft:horse":1,"minecraft:cat":2,"minecraft:husk":1,"minecraft:pig":4,"minecraft:iron_golem":1,"minecraft:bat":1,"minecraft:creeper":9,"minecraft:sheep":9,"minecraft:zombie":30,"minecraft:cow":6,"minecraft:enderman":4},"minecraft:used":{"minecraft:iron_shovel":250,"minecraft:oak_sign":3,"minecraft:shield":48,"minecraft:stone":141,"minecraft:torch":74,"minecraft:dirt":204,"minecraft:carrot":5,"minecraft:acacia_sapling":3,"minecraft:tuff":1,"minecraft:granite":1,"minecraft:lava_bucket":2,"minecraft:iron_axe":149,"minecraft:oak_stairs":13,"minecraft:barrel":4,"minecraft:item_frame":1,"minecraft:oak_sapling":44,"minecraft:furnace":10,"minecraft:egg":2,"minecraft:cooked_beef":13,"minecraft:cobbled_deepslate":24,"minecraft:acacia_planks":32,"minecraft:pointed_dripstone":4,"minecraft:golden_boots":1,"minecraft:wheat_seeds":18,"minecraft:cooked_mutton":5,"minecraft:water_bucket":39,"minecraft:diorite":1,"minecraft:cobblestone_stairs":33,"minetraps:ghost_block":4,"securitycraft:door_indestructible_iron_item":2,"minecraft:stone_pickaxe":1600,"minecraft:oak_planks":27,"minecraft:wooden_pickaxe":4,"minecraft:structure_void":9,"minecraft:cauldron":2,"minecraft:stonecutter":1,"minecraft:cobblestone_slab":28,"minecraft:sand":52,"minecraft:oak_slab":9,"minecraft:crafting_table":16,"minecraft:spider_eye":1,"minecraft:white_bed":10,"waystones:waystone":3,"minecraft:diamond_pickaxe":7,"minecraft:apple":2,"minecraft:iron_pickaxe":464,"minecraft:oak_button":5,"minecraft:gravel":2,"minecraft:stone_axe":225,"minetraps:nail_trap":1,"minecraft:cobblestone":374,"minecraft:cooked_porkchop":3,"minecraft:andesite":1,"minecraft:bucket":41,"minecraft:repeating_command_block":2,"minecraft:golden_pickaxe":33},"minecraft:picked_up":{"minecraft:crafting_table":16,"minecraft:wheat":6,"minecraft:clay_ball":16,"minecraft:golden_pickaxe":1,"minecraft:oak_stairs":5,"minecraft:shield":2,"minecraft:dragon_breath":1,"minecraft:string":7,"minecraft:raw_copper":56,"minecraft:iron_axe":1,"minecraft:flint_and_steel":1,"minecraft:iron_shovel":3,"minecraft:cobbled_deepslate":46,"minecraft:light_weighted_pressure_plate":2,"minecraft:beef":16,"minecraft:cobblestone_slab":8,"minecraft:player_head":4,"minecraft:iron_nugget":20,"minecraft:iron_pickaxe":2,"minecraft:sugar_cane":26,"minecraft:furnace":7,"minecraft:egg":5,"minecraft:tipped_arrow":6,"minecraft:stick":121,"minecraft:raw_iron":181,"minecraft:acacia_log":10,"minecraft:torch":50,"minecraft:porkchop":11,"minecraft:pointed_dripstone":6,"minecraft:diorite":1,"minecraft:carrot":27,"minecraft:redstone":330,"minecraft:rotten_flesh":62,"minecraft:arrow":26,"minecraft:cactus":2,"morearmor:cobblestone_armor_chestplate":1,"sophisticatedbackpacks:copper_backpack":2,"minecraft:obsidian":5,"minecraft:mutton":11,"minecraft:white_wool":9,"minecraft:cobblestone":1614,"minecraft:cooked_beef":11,"minecraft:golden_carrot":6,"minecraft:glow_ink_sac":2,"minecraft:water_bucket":1,"minecraft:andesite":1,"minecraft:leather":5,"minecraft:flint":2,"minecraft:tuff":1,"minecraft:oak_log":95,"minecraft:golden_boots":2,"minecraft:gunpowder":11,"minecraft:cobblestone_stairs":9,"minecraft:lapis_lazuli":236,"minecraft:dirt":241,"minecraft:cooked_mutton":6,"minecraft:bone":29,"minecraft:acacia_planks":36,"minecraft:apple":9,"minecraft:wheat_seeds":24,"minecraft:raw_gold":47,"minecraft:stone_pickaxe":2,"minecraft:iron_ingot":31,"minecraft:acacia_sapling":3,"minecraft:oak_planks":155,"minecraft:book":12,"minecraft:oak_slab":3,"minecraft:cooked_porkchop":8,"morearmor:cobblestone_armor_leggings":1,"minecraft:gravel":3,"minecraft:sand":153,"sophisticatedbackpacks:iron_backpack":2,"minecraft:white_bed":10,"minecraft:barrel":1,"minecraft:spider_eye":5,"minecraft:diamond":9,"minecraft:stone_axe":2,"waystones:waystone":2,"minecraft:granite":1,"minecraft:oak_button":5,"minecraft:oak_sapling":46,"minecraft:coal":422,"minecraft:ender_pearl":1},"minecraft:broken":{"minecraft:stone_pickaxe":9,"minecraft:shield":1,"minecraft:stone_axe":2,"minecraft:iron_pickaxe":1,"minecraft:golden_pickaxe":1},"minecraft:crafted":{"minecraft:oak_planks":188,"minecraft:oak_sign":3,"minecraft:barrel":3,"minetraps:nails":9,"minetraps:nail_trap":1,"minecraft:furnace":3,"minecraft:cobblestone_stairs":1,"minecraft:stone":328,"sophisticatedbackpacks:crafting_upgrade":1,"minecraft:cooked_mutton":11,"minecraft:glass":24,"morearmor:cobblestone_armor_chestplate":1,"minecraft:iron_axe":1,"morearmor:cobblestone_armor_leggings":1,"minecraft:stone_pickaxe":7,"minecraft:chest":1,"minetraps:ghost_block":4,"minecraft:oak_button":2,"minecraft:iron_door":3,"minecraft:redstone_block":1,"minecraft:cooked_beef":13,"minecraft:oak_slab":12,"minecraft:cauldron":1,"minecraft:cooked_porkchop":11,"morearmor:cobblestone_armor_helmet":1,"minecraft:crafting_table":2,"minecraft:wooden_pickaxe":1,"minecraft:gold_block":1,"minecraft:bucket":2,"minecraft:stone_axe":3,"sophisticatedbackpacks:upgrade_base":1,"minecraft:air":0,"securitycraft:door_indestructible_iron_item":1,"minecraft:diamond_pickaxe":1,"minecraft:paper":6,"minecraft:shield":1,"minecraft:stick":76,"minecraft:iron_ingot":83,"minecraft:iron_pickaxe":3,"minecraft:oak_stairs":8,"minecraft:iron_block":1,"minecraft:iron_shovel":1,"minecraft:gold_ingot":19,"minecraft:white_bed":1,"minecraft:acacia_planks":40,"minecraft:torch":112}},"DataVersion":3465}