{"stats":{"minecraft:dropped":{"minecraft:birch_sapling":1},"minecraft:custom":{"minecraft:open_barrel":4,"minecraft:time_since_rest":1370,"minecraft:open_chest":10,"minecraft:crouch_one_cm":271,"minecraft:play_time":9703,"minecraft:sprint_one_cm":3824,"minecraft:deaths":1,"minecraft:damage_taken":105,"minecraft:walk_one_cm":5959,"minecraft:sneak_time":482,"minecraft:drop":1,"minecraft:jump":33,"minecraft:damage_dealt":12,"minecraft:leave_game":1,"minecraft:time_since_death":1346,"minecraft:total_world_time":9703,"minecraft:fall_one_cm":896,"minecraft:fly_one_cm":75612},"minecraft:mined":{"minecraft:birch_leaves":1},"minecraft:picked_up":{"minecraft:sandstone":26,"minecraft:bone":2,"minecraft:rotten_flesh":9,"minecraft:cut_sandstone":3,"minecraft:sand":2,"minecraft:diorite":1,"minecraft:gunpowder":2,"minecraft:birch_sapling":2,"minecraft:cobblestone":79},"minecraft:used":{"minecraft:cut_sandstone":1}},"DataVersion":3465}