{"stats":{"minecraft:custom":{"minecraft:time_since_rest":9537,"minecraft:interact_with_furnace":3,"minecraft:sprint_one_cm":89163,"minecraft:damage_taken":465,"minecraft:walk_one_cm":155374,"minecraft:mob_kills":8,"minecraft:drop":2,"minecraft:damage_dealt":1073,"minecraft:interact_with_crafting_table":5,"minecraft:fly_one_cm":83394,"minecraft:play_time":60830,"minecraft:deaths":1,"minecraft:jump":725,"minecraft:leave_game":3,"minecraft:time_since_death":9488,"minecraft:climb_one_cm":236,"minecraft:total_world_time":60830,"minecraft:fall_one_cm":14838},"minecraft:mined":{"minecraft:crafting_table":3,"minecraft:granite":1,"minecraft:grass":2,"minecraft:oak_log":66,"minecraft:grass_block":14,"minecraft:coal_ore":41,"minecraft:structure_void":1,"minecraft:dirt":23,"minecraft:stone":26,"minecraft:oak_leaves":7},"minecraft:crafted":{"minecraft:oak_planks":116,"minecraft:crafting_table":2,"minecraft:stick":44,"minecraft:wooden_pickaxe":1,"minecraft:stone_pickaxe":1,"minecraft:furnace":1,"minecraft:torch":8,"minecraft:stone_axe":2,"minecraft:air":0,"minecraft:cooked_mutton":4},"minecraft:killed":{"minecraft:sheep":3,"minecraft:creeper":2,"minecraft:cow":3},"minecraft:used":{"minecraft:cooked_mutton":1,"minecraft:apple":2,"minecraft:stone_pickaxe":64,"minecraft:wooden_pickaxe":4,"minecraft:structure_void":8,"minecraft:stone_axe":78,"minecraft:torch":1,"minecraft:crafting_table":4,"minecraft:furnace":1,"minecraft:oak_sapling":13,"minecraft:repeating_command_block":2,"minecraft:egg":2},"minecraft:picked_up":{"minecraft:stick":36,"minecraft:crafting_table":4,"minecraft:leather":2,"minecraft:torch":8,"minecraft:oak_log":49,"minecraft:gunpowder":1,"minecraft:dirt":37,"minecraft:apple":2,"minecraft:wheat_seeds":2,"minecraft:beef":9,"minecraft:stone_pickaxe":1,"minecraft:oak_sapling":15,"minecraft:mutton":4,"minecraft:oak_planks":63,"minecraft:coal":41,"minecraft:white_wool":3,"minecraft:cobblestone":36,"minecraft:egg":2},"minecraft:dropped":{"minecraft:oak_sapling":1,"minecraft:structure_void":1}},"DataVersion":3465}