{"stats":{"minecraft:custom":{"minecraft:mob_kills":19,"minecraft:interact_with_crafting_table":17,"minecraft:leave_game":6,"minecraft:time_since_death":24926,"minecraft:sprint_one_cm":185667,"minecraft:walk_one_cm":256695,"minecraft:damage_blocked_by_shield":210,"minecraft:drop":51,"minecraft:talked_to_villager":6,"minecraft:play_time":117569,"minecraft:deaths":6,"minecraft:sneak_time":1226,"minecraft:walk_under_water_one_cm":3683,"minecraft:jump":1360,"minecraft:walk_on_water_one_cm":5874,"minecraft:total_world_time":117569,"minecraft:interact_with_furnace":11,"minecraft:interact_with_stonecutter":1,"minecraft:sleep_in_bed":3,"minecraft:time_since_rest":24963,"minecraft:damage_taken":1973,"minecraft:damage_dealt":4261,"minecraft:swim_one_cm":361,"minecraft:fly_one_cm":322837,"minecraft:player_kills":1,"minecraft:open_chest":12,"minecraft:crouch_one_cm":757,"minecraft:fall_one_cm":35411},"minecraft:picked_up":{"minecraft:crafting_table":32,"minecraft:shield":3,"minecraft:string":5,"minecraft:iron_axe":1,"minecraft:raw_copper":24,"minecraft:cobbled_deepslate":20,"minecraft:spruce_planks":185,"minecraft:iron_nugget":6,"minecraft:poppy":1,"minecraft:iron_pickaxe":4,"minecraft:sugar_cane":20,"minecraft:birch_sapling":4,"minecraft:furnace":6,"minecraft:stick":123,"minecraft:raw_iron":57,"minecraft:torch":112,"morearmor:dirt_armor_boots":1,"minecraft:porkchop":2,"morearmor:cobblestone_armor_boots":1,"minecraft:arrow":12,"minecraft:rotten_flesh":13,"morearmor:cobblestone_armor_chestplate":1,"minecraft:saddle":3,"minecraft:cobblestone":268,"minecraft:birch_log":14,"morearmor:dirt_armor_chestplate":5,"minecraft:leather_chestplate":4,"minecraft:glow_ink_sac":3,"minecraft:andesite":1,"minecraft:birch_planks":14,"minecraft:oak_log":43,"minecraft:gunpowder":3,"morearmor:sugarcane_armor_boots":4,"minecraft:dirt":72,"minecraft:lapis_lazuli":13,"minecraft:blue_bed":7,"minecraft:leather_boots":4,"minecraft:bone":6,"minecraft:apple":3,"minecraft:iron_ingot":30,"minecraft:stone_pickaxe":5,"minecraft:book":48,"minecraft:pumpkin":70,"minecraft:sweet_berries":342,"morearmor:cobblestone_armor_leggings":1,"minecraft:lava_bucket":4,"minecraft:gravel":9,"minecraft:spruce_log":22,"minecraft:spider_eye":1,"morearmor:cobblestone_armor_helmet":1,"morearmor:dirt_armor_leggings":3,"morearmor:dirt_armor_helmet":2,"minecraft:stone_axe":2,"minecraft:granite":1,"minecraft:emerald":3,"minecraft:bread":15,"minecraft:baked_potato":3,"minecraft:oak_sapling":4,"minecraft:coal":349},"minecraft:used":{"minecraft:shield":7,"minecraft:wooden_shovel":35,"minecraft:rotten_flesh":2,"minecraft:torch":33,"minecraft:dirt":28,"minecraft:lava_bucket":15,"minecraft:iron_axe":74,"minecraft:sweet_berries":23,"minecraft:furnace":4,"minecraft:potato":3,"minecraft:cobbled_deepslate":3,"minecraft:stone_pickaxe":142,"minecraft:baked_potato":1,"minecraft:wooden_pickaxe":12,"minecraft:blue_bed":3,"minecraft:crafting_table":13,"minecraft:iron_pickaxe":23,"minecraft:stone_axe":90,"minecraft:cobblestone":7,"minecraft:cooked_porkchop":2,"minecraft:andesite":1,"minecraft:bucket":17},"minecraft:crafted":{"minecraft:oak_planks":20,"minecraft:furnace":1,"morearmor:cobblestone_armor_boots":1,"morearmor:cobblestone_armor_chestplate":1,"minecraft:iron_axe":1,"morearmor:cobblestone_armor_leggings":1,"minecraft:stone_pickaxe":2,"morearmor:sugarcane_armor_boots":1,"morearmor:dirt_armor_chestplate":1,"minecraft:wooden_shovel":1,"minecraft:cooked_porkchop":2,"morearmor:cobblestone_armor_helmet":1,"minecraft:crafting_table":1,"minecraft:spruce_planks":88,"minecraft:wooden_pickaxe":1,"minecraft:baked_potato":1,"minecraft:bucket":2,"minecraft:birch_planks":28,"minecraft:stone_axe":1,"minecraft:air":0,"minecraft:shield":1,"minecraft:stick":60,"minecraft:iron_ingot":8,"morearmor:dirt_armor_leggings":1,"morearmor:dirt_armor_helmet":1,"morearmor:dirt_armor_boots":1,"minecraft:torch":64},"minecraft:mined":{"minecraft:grass_block":24,"minecraft:spruce_leaves":2,"minecraft:large_fern":1,"minecraft:furnace":3,"minecraft:iron_ore":16,"minecraft:andesite":1,"minecraft:pumpkin":14,"minecraft:bookshelf":4,"minecraft:deepslate_iron_ore":1,"minecraft:stone":67,"minecraft:crafting_table":16,"minecraft:torch":3,"minecraft:sugar_cane":2,"minecraft:wall_torch":4,"minecraft:blue_bed":3,"minecraft:birch_log":14,"minecraft:sweet_berry_bush":23,"minecraft:spruce_log":22,"minecraft:oak_log":43,"minecraft:coal_ore":81,"minecraft:gravel":1,"minecraft:dirt":35,"minecraft:oak_leaves":2,"minecraft:deepslate":5,"minecraft:fern":2},"minecraft:broken":{"minecraft:stone_pickaxe":1,"morearmor:dirt_armor_helmet":1,"minecraft:stone_axe":1},"minecraft:killed_by":{"minecraft:spider":1,"minecraft:skeleton":2},"minecraft:killed":{"minecraft:spider":1,"minecraft:skeleton":1,"minecraft:pig":1,"minecraft:iron_golem":1,"minecraft:creeper":1,"minecraft:zombie":10},"minecraft:dropped":{"minecraft:birch_planks":7,"minecraft:lapis_lazuli":13,"minecraft:glow_ink_sac":3,"minecraft:cobblestone":8,"minecraft:apple":3,"minecraft:saddle":3,"morearmor:enderpearl_armor_chestplate":1,"minecraft:torch":2,"minecraft:pumpkin":7,"minecraft:string":3,"minecraft:bone":4,"minecraft:gravel":6,"minecraft:sweet_berries":1,"minecraft:cobbled_deepslate":10,"minecraft:raw_copper":24,"morearmor:dirt_armor_chestplate":3,"minecraft:rotten_flesh":11,"minecraft:poppy":1,"minecraft:leather_chestplate":1,"minecraft:gunpowder":1,"morearmor:dirt_armor_leggings":2,"morearmor:dirt_armor_boots":2,"minecraft:leather_boots":1,"morearmor:cobblestone_armor_boots":1,"minecraft:leather_leggings":1,"minecraft:spider_eye":1,"minecraft:stone_pickaxe":1}},"DataVersion":3465}