{"stats":{"minecraft:killed":{"minecraft:witch":1,"minecraft:spider":10,"minecraft:skeleton":25,"minecraft:cat":2,"minecraft:pig":4,"minecraft:iron_golem":3,"minecraft:creeper":10,"minecraft:sheep":9,"minecraft:zombie":46,"minecraft:cow":6,"minecraft:horse":1,"minecraft:husk":1,"minecraft:bat":1,"minecraft:enderman":5},"minecraft:custom":{"minecraft:interact_with_crafting_table":21,"minecraft:open_barrel":65,"minecraft:leave_game":11,"minecraft:time_since_death":3080,"minecraft:sprint_one_cm":615047,"minecraft:damage_blocked_by_shield":4455,"minecraft:drop":22,"minecraft:talked_to_villager":18,"minecraft:play_time":658485,"minecraft:deaths":15,"minecraft:jump":7305,"minecraft:walk_on_water_one_cm":28623,"minecraft:interact_with_furnace":135,"minecraft:sleep_in_bed":18,"minecraft:waystone_activated":5,"minecraft:damage_dealt":25884,"minecraft:crouch_one_cm":27835,"minecraft:use_cauldron":6,"minecraft:mob_kills":127,"minecraft:interact_with_anvil":2,"minecraft:climb_one_cm":10525,"minecraft:walk_one_cm":1662538,"minecraft:sneak_time":12902,"minecraft:walk_under_water_one_cm":19402,"minecraft:total_world_time":658485,"minecraft:interact_with_stonecutter":12,"minecraft:time_since_rest":3111,"minecraft:damage_taken":7812,"minecraft:minecart_one_cm":11633,"minecraft:swim_one_cm":2610,"minecraft:fly_one_cm":1081612,"minecraft:open_chest":73,"minecraft:fall_one_cm":186248},"minecraft:broken":{"morearmor:cobblestone_armor_leggings":1,"minecraft:iron_shovel":2,"minecraft:golden_boots":1,"minecraft:stone_pickaxe":12,"minecraft:stone_axe":2,"morearmor:cobblestone_armor_helmet":2,"minecraft:shield":1,"minecraft:iron_axe":1,"minecraft:iron_pickaxe":3,"minecraft:golden_pickaxe":1},"minecraft:dropped":{"minecraft:glow_ink_sac":2,"minecraft:structure_void":1,"minecraft:cobblestone_stairs":1,"minecraft:light_weighted_pressure_plate":2,"minecraft:white_wool":2,"minecraft:iron_nugget":10,"minecraft:carrot":4,"minecraft:egg":2,"minecraft:wheat_seeds":2,"minecraft:torch":1,"minecraft:repeater":1,"minecraft:player_head":1,"minecraft:spruce_trapdoor":1,"minecraft:oak_sapling":1,"minecraft:spider_eye":2},"minecraft:killed_by":{"minecraft:skeleton":1},"minecraft:crafted":{"minecraft:oak_planks":188,"minecraft:oak_sign":3,"minecraft:barrel":3,"minetraps:nail_trap":1,"minecraft:stone":328,"minecraft:cobblestone_stairs":1,"sophisticatedbackpacks:crafting_upgrade":1,"minecraft:cooked_mutton":11,"minecraft:glass":34,"minecraft:chest":2,"minecraft:copper_block":1,"minecraft:oak_button":3,"minecraft:iron_door":3,"minecraft:rail":16,"minecraft:oak_fence":3,"minecraft:oak_slab":12,"minecraft:cauldron":1,"minecraft:cooked_porkchop":11,"morearmor:cobblestone_armor_helmet":2,"minecraft:crafting_table":2,"minecraft:wooden_pickaxe":1,"minecraft:copper_ingot":28,"minecraft:gold_block":1,"sophisticatedbackpacks:upgrade_base":1,"minecraft:paper":6,"minecraft:diamond_pickaxe":1,"minecraft:shield":1,"minecraft:stick":76,"minecraft:iron_ingot":163,"minecraft:iron_pickaxe":3,"minecraft:iron_block":1,"minecraft:gold_ingot":33,"minetraps:nails":9,"minecraft:furnace":3,"minecraft:stone_button":1,"minecraft:oak_trapdoor":2,"morearmor:cobblestone_armor_chestplate":1,"minecraft:iron_axe":2,"morearmor:cobblestone_armor_leggings":2,"minecraft:ladder":9,"minecraft:stone_pickaxe":8,"minetraps:ghost_block":4,"minecraft:redstone_block":1,"minecraft:minecart":1,"minecraft:cooked_beef":13,"minecraft:coal_block":1,"minecraft:bucket":4,"minecraft:stone_axe":3,"minecraft:air":0,"securitycraft:door_indestructible_iron_item":1,"minecraft:oak_stairs":8,"minecraft:iron_shovel":1,"minecraft:anvil":1,"minecraft:white_bed":1,"minecraft:acacia_planks":40,"minecraft:torch":112},"minecraft:picked_up":{"minecraft:wheat":6,"minecraft:lead":3,"minecraft:oak_stairs":5,"minecraft:string":11,"minecraft:raw_copper":56,"minecraft:oak_sign":7,"minecraft:cobbled_deepslate":47,"minecraft:light_weighted_pressure_plate":2,"minecraft:cobblestone_slab":32,"minecraft:iron_pickaxe":4,"minecraft:furnace":7,"minecraft:tipped_arrow":6,"minecraft:stick":141,"minecraft:composter":1,"minecraft:oak_fence":3,"minecraft:torch":109,"minecraft:acacia_log":10,"minecraft:porkchop":11,"minecraft:pointed_dripstone":6,"minecraft:diorite":1,"minecraft:rotten_flesh":77,"minecraft:cactus":2,"morearmor:cobblestone_armor_chestplate":2,"minecraft:white_terracotta":1,"minecraft:obsidian":5,"minecraft:cobblestone":1939,"minecraft:cooked_beef":11,"minecraft:iron_door":3,"minecraft:water_bucket":2,"minecraft:andesite":1,"minecraft:flint":10,"minecraft:tuff":1,"minecraft:lapis_lazuli":236,"minecraft:dirt":521,"minecraft:leather_boots":1,"minecraft:glass":10,"minecraft:bone":41,"minecraft:acacia_planks":36,"minecraft:wheat_seeds":28,"minecraft:raw_gold":47,"minecraft:powered_rail":82,"minecraft:oak_planks":198,"minecraft:cooked_porkchop":8,"minecraft:sand":156,"sophisticatedbackpacks:iron_backpack":3,"minecraft:grass_block":2,"minecraft:barrel":2,"minetraps:ghost_block":17,"minecraft:diamond":9,"waystones:waystone":4,"minecraft:lever":38,"minecraft:granite":1,"minecraft:oak_sapling":52,"minecraft:crafting_table":16,"minecraft:splash_potion":1,"minecraft:clay_ball":16,"minecraft:golden_pickaxe":1,"minecraft:shield":3,"minecraft:dragon_breath":2,"minecraft:oak_trapdoor":4,"minecraft:iron_axe":2,"minecraft:flint_and_steel":1,"minecraft:iron_shovel":4,"minecraft:beef":16,"minecraft:player_head":5,"minecraft:iron_nugget":20,"minecraft:poppy":1,"minecraft:minecart":11,"minecraft:sugar_cane":26,"minecraft:chest":9,"minecraft:spruce_trapdoor":1,"minecraft:egg":8,"minecraft:raw_iron":209,"minecraft:stone":3,"minecraft:stone_button":1,"minecraft:carrot":31,"minecraft:redstone":331,"minecraft:arrow":64,"sophisticatedbackpacks:copper_backpack":2,"minecraft:mutton":11,"minecraft:white_wool":9,"minecraft:rail":443,"minecraft:golden_carrot":6,"minecraft:glow_ink_sac":2,"minecraft:leather":5,"minecraft:oak_log":170,"minecraft:gunpowder":13,"minecraft:golden_boots":3,"minecraft:yellow_bed":1,"minecraft:cobblestone_wall":28,"minecraft:cobblestone_stairs":20,"minecraft:cooked_mutton":8,"minecraft:apple":9,"minecraft:stone_pickaxe":3,"minecraft:iron_ingot":43,"minecraft:acacia_sapling":3,"minecraft:book":12,"minecraft:oak_slab":3,"minecraft:dandelion":1,"morearmor:cobblestone_armor_leggings":2,"minecraft:gravel":120,"minecraft:lava_bucket":1,"minecraft:white_bed":13,"minecraft:spider_eye":8,"morearmor:cobblestone_armor_helmet":1,"minecraft:stone_axe":2,"minecraft:oak_button":5,"minecraft:coal":480,"minecraft:ender_pearl":1},"minecraft:used":{"minecraft:iron_shovel":600,"minecraft:ladder":9,"minecraft:oak_sign":24,"minecraft:chest":53,"minecraft:shield":81,"minecraft:stone":189,"morearmor:cobblestone_armor_helmet":1,"minecraft:carrot":6,"minecraft:acacia_sapling":3,"minecraft:tuff":1,"minecraft:glass":30,"minecraft:lava_bucket":3,"minecraft:grass_block":2,"minecraft:item_frame":1,"minecraft:repeater":4,"minecraft:furnace":11,"minecraft:oak_sapling":50,"minecraft:egg":4,"minecraft:golden_boots":1,"minecraft:diorite":1,"securitycraft:door_indestructible_iron_item":2,"minecraft:powered_rail":59,"minecraft:stone_pickaxe":1993,"minecraft:oak_planks":52,"minecraft:wooden_pickaxe":4,"minecraft:composter":4,"minecraft:structure_void":9,"minecraft:sand":55,"minecraft:redstone_torch":1,"waystones:waystone":5,"minecraft:lever":46,"minecraft:stone_button":2,"minecraft:iron_door":5,"minecraft:gravel":5,"morearmor:cobblestone_armor_leggings":1,"morearmor:cobblestone_armor_chestplate":1,"minecraft:andesite":1,"minecraft:golden_pickaxe":33,"minecraft:oak_trapdoor":34,"minecraft:oak_fence":2,"minecraft:redstone":6,"minecraft:torch":86,"minecraft:dirt":436,"minecraft:anvil":1,"minecraft:hopper":7,"minecraft:cobblestone_wall":28,"minecraft:granite":1,"minecraft:iron_axe":275,"minecraft:oak_stairs":13,"minecraft:barrel":5,"minecraft:iron_trapdoor":1,"minecraft:minecart":12,"minecraft:cooked_beef":13,"minecraft:acacia_planks":32,"minecraft:cobbled_deepslate":27,"minecraft:pointed_dripstone":4,"minecraft:wheat_seeds":18,"minecraft:cooked_mutton":10,"minecraft:water_bucket":74,"minecraft:cobblestone_stairs":70,"minetraps:ghost_block":26,"minecraft:cauldron":2,"minecraft:stonecutter":1,"minecraft:cobblestone_slab":88,"minecraft:rail":334,"minecraft:oak_slab":9,"minecraft:crafting_table":16,"minecraft:spider_eye":1,"minecraft:white_bed":19,"minecraft:piston":1,"minecraft:diamond_pickaxe":7,"minecraft:apple":2,"minecraft:oak_button":5,"minecraft:iron_pickaxe":802,"minecraft:spruce_trapdoor":9,"minecraft:stone_axe":225,"minetraps:nail_trap":1,"minecraft:cobblestone":735,"minecraft:cooked_porkchop":11,"minecraft:bucket":82,"minecraft:repeating_command_block":2,"minecraft:yellow_bed":1,"minecraft:splash_potion":14},"minecraft:mined":{"minecraft:white_bed":12,"minecraft:cobblestone_stairs":20,"minecraft:obsidian":6,"minecraft:granite":3,"minecraft:acacia_log":10,"minecraft:grass_block":251,"minecraft:composter":1,"minecraft:oak_wall_sign":5,"minecraft:cobbled_deepslate":4,"minecraft:iron_ore":150,"minecraft:barrel":2,"minecraft:deepslate_lapis_ore":8,"minecraft:pointed_dripstone":4,"minecraft:oak_sign":2,"minecraft:oak_stairs":5,"minecraft:deepslate_redstone_ore":34,"expore:exp_ore":40,"minecraft:clay":4,"minecraft:torch":1,"expore:deepslate_exp_ore":26,"minetraps:ghost_block":17,"minecraft:chest":9,"minecraft:cobblestone":198,"minecraft:sugar_cane":5,"minecraft:oak_planks":22,"minecraft:iron_door":2,"minecraft:wall_torch":14,"minecraft:white_terracotta":1,"minecraft:powered_rail":53,"minecraft:wheat":8,"minecraft:grass":18,"minecraft:oak_log":122,"minecraft:sand":82,"minecraft:dirt":252,"minecraft:stonecutter":1,"minecraft:oak_leaves":7,"minecraft:deepslate":34,"minecraft:diamond_ore":2,"minecraft:tuff":1,"minecraft:deepslate_diamond_ore":5,"minecraft:lever":23,"minecraft:ladder":1,"minecraft:stone_button":1,"minecraft:redstone_ore":4,"minecraft:oak_trapdoor":4,"minecraft:furnace":6,"minecraft:carrots":7,"minecraft:andesite":1,"minecraft:bookshelf":4,"minecraft:deepslate_iron_ore":17,"minecraft:cobblestone_slab":29,"minecraft:rail":319,"minecraft:stone":1536,"minecraft:oak_slab":3,"minecraft:glass_pane":2,"minecraft:dandelion":1,"minecraft:oak_fence":1,"minecraft:crafting_table":16,"minecraft:structure_void":1,"minecraft:tall_grass":1,"minecraft:copper_ore":8,"minecraft:lapis_ore":10,"minecraft:deepslate_gold_ore":14,"minecraft:diorite":1,"minecraft:cactus":1,"minecraft:cobblestone_wall":2,"minecraft:yellow_bed":1,"minecraft:coal_ore":290,"minecraft:gravel":127,"minecraft:acacia_planks":14,"minecraft:oak_button":5,"minecraft:gold_ore":10}},"DataVersion":3465}