{"stats":{"minecraft:killed":{"minecraft:witch":1,"minecraft:spider":10,"minecraft:skeleton":25,"minecraft:horse":1,"minecraft:cat":2,"minecraft:husk":1,"minecraft:pig":4,"minecraft:iron_golem":2,"minecraft:bat":1,"minecraft:creeper":10,"minecraft:sheep":9,"minecraft:zombie":43,"minecraft:enderman":5,"minecraft:cow":6},"minecraft:custom":{"minecraft:interact_with_anvil":2,"minecraft:mob_kills":121,"minecraft:interact_with_crafting_table":21,"minecraft:open_barrel":58,"minecraft:leave_game":11,"minecraft:time_since_death":10704,"minecraft:climb_one_cm":7811,"minecraft:sprint_one_cm":602992,"minecraft:walk_one_cm":1625136,"minecraft:damage_blocked_by_shield":4080,"minecraft:drop":20,"minecraft:talked_to_villager":18,"minecraft:play_time":646485,"minecraft:sneak_time":11800,"minecraft:deaths":14,"minecraft:walk_under_water_one_cm":19402,"minecraft:jump":7109,"minecraft:walk_on_water_one_cm":28623,"minecraft:total_world_time":646485,"minecraft:interact_with_furnace":132,"minecraft:interact_with_stonecutter":12,"minecraft:sleep_in_bed":18,"minecraft:time_since_rest":10730,"minecraft:waystone_activated":5,"minecraft:damage_taken":7606,"minecraft:damage_dealt":24802,"minecraft:minecart_one_cm":11633,"minecraft:swim_one_cm":2610,"minecraft:fly_one_cm":1069577,"minecraft:open_chest":71,"minecraft:crouch_one_cm":26394,"minecraft:fall_one_cm":181011,"minecraft:use_cauldron":4},"minecraft:broken":{"morearmor:cobblestone_armor_leggings":1,"minecraft:iron_shovel":2,"minecraft:golden_boots":1,"morearmor:cobblestone_armor_helmet":2,"minecraft:stone_pickaxe":12,"minecraft:shield":1,"minecraft:iron_axe":1,"minecraft:stone_axe":2,"minecraft:iron_pickaxe":3,"minecraft:golden_pickaxe":1},"minecraft:dropped":{"minecraft:wheat_seeds":2,"minecraft:glow_ink_sac":2,"minecraft:structure_void":1,"minecraft:light_weighted_pressure_plate":2,"minecraft:torch":1,"minecraft:repeater":1,"minecraft:white_wool":2,"minecraft:player_head":1,"minecraft:iron_nugget":10,"minecraft:carrot":4,"minecraft:oak_sapling":1,"minecraft:spider_eye":2,"minecraft:egg":2},"minecraft:killed_by":{"minecraft:skeleton":1},"minecraft:crafted":{"minecraft:oak_planks":188,"minecraft:barrel":3,"minecraft:oak_sign":3,"minetraps:nails":9,"minetraps:nail_trap":1,"minecraft:furnace":3,"minecraft:cobblestone_stairs":1,"minecraft:stone":328,"sophisticatedbackpacks:crafting_upgrade":1,"minecraft:cooked_mutton":11,"minecraft:oak_trapdoor":2,"minecraft:glass":34,"morearmor:cobblestone_armor_chestplate":1,"minecraft:iron_axe":2,"minecraft:ladder":9,"morearmor:cobblestone_armor_leggings":2,"minecraft:stone_pickaxe":8,"minecraft:chest":2,"minetraps:ghost_block":4,"minecraft:oak_button":2,"minecraft:iron_door":3,"minecraft:copper_block":1,"minecraft:redstone_block":1,"minecraft:rail":16,"minecraft:oak_fence":3,"minecraft:minecart":1,"minecraft:cooked_beef":13,"minecraft:coal_block":1,"minecraft:oak_slab":12,"minecraft:cauldron":1,"minecraft:cooked_porkchop":11,"morearmor:cobblestone_armor_helmet":2,"minecraft:crafting_table":2,"minecraft:wooden_pickaxe":1,"minecraft:copper_ingot":28,"minecraft:gold_block":1,"minecraft:bucket":4,"minecraft:stone_axe":3,"sophisticatedbackpacks:upgrade_base":1,"minecraft:air":0,"securitycraft:door_indestructible_iron_item":1,"minecraft:paper":6,"minecraft:diamond_pickaxe":1,"minecraft:shield":1,"minecraft:stick":76,"minecraft:iron_ingot":163,"minecraft:iron_pickaxe":3,"minecraft:oak_stairs":8,"minecraft:iron_block":1,"minecraft:iron_shovel":1,"minecraft:gold_ingot":33,"minecraft:anvil":1,"minecraft:white_bed":1,"minecraft:acacia_planks":40,"minecraft:torch":112},"minecraft:picked_up":{"minecraft:crafting_table":16,"minecraft:wheat":6,"minecraft:splash_potion":1,"minecraft:clay_ball":16,"minecraft:golden_pickaxe":1,"minecraft:lead":3,"minecraft:oak_stairs":5,"minecraft:shield":3,"minecraft:dragon_breath":2,"minecraft:string":11,"minecraft:oak_trapdoor":4,"minecraft:raw_copper":56,"minecraft:iron_axe":2,"minecraft:flint_and_steel":1,"minecraft:iron_shovel":4,"minecraft:oak_sign":7,"minecraft:cobbled_deepslate":47,"minecraft:light_weighted_pressure_plate":2,"minecraft:beef":16,"minecraft:poppy":1,"minecraft:cobblestone_slab":24,"minecraft:player_head":5,"minecraft:iron_nugget":20,"minecraft:iron_pickaxe":4,"minecraft:minecart":11,"minecraft:sugar_cane":26,"minecraft:chest":9,"minecraft:spruce_trapdoor":1,"minecraft:furnace":7,"minecraft:egg":8,"minecraft:tipped_arrow":6,"minecraft:stick":141,"minecraft:raw_iron":209,"minecraft:composter":1,"minecraft:oak_fence":3,"minecraft:torch":109,"minecraft:acacia_log":10,"minecraft:porkchop":11,"minecraft:pointed_dripstone":6,"minecraft:diorite":1,"minecraft:carrot":31,"minecraft:redstone":331,"minecraft:arrow":64,"minecraft:cactus":2,"minecraft:rotten_flesh":74,"morearmor:cobblestone_armor_chestplate":2,"sophisticatedbackpacks:copper_backpack":2,"minecraft:white_terracotta":1,"minecraft:obsidian":5,"minecraft:mutton":11,"minecraft:rail":443,"minecraft:white_wool":9,"minecraft:cobblestone":1920,"minecraft:cooked_beef":11,"minecraft:golden_carrot":6,"minecraft:glow_ink_sac":2,"minecraft:water_bucket":2,"minecraft:andesite":1,"minecraft:leather":5,"minecraft:flint":10,"minecraft:tuff":1,"minecraft:oak_log":170,"minecraft:yellow_bed":1,"minecraft:cobblestone_wall":28,"minecraft:golden_boots":3,"minecraft:gunpowder":13,"minecraft:cobblestone_stairs":19,"minecraft:lapis_lazuli":236,"minecraft:dirt":503,"minecraft:glass":10,"minecraft:cooked_mutton":8,"minecraft:bone":39,"minecraft:acacia_planks":36,"minecraft:apple":9,"minecraft:wheat_seeds":28,"minecraft:raw_gold":47,"minecraft:iron_ingot":37,"minecraft:stone_pickaxe":3,"minecraft:powered_rail":82,"minecraft:oak_planks":194,"minecraft:acacia_sapling":3,"minecraft:book":12,"minecraft:oak_slab":3,"minecraft:cooked_porkchop":8,"minecraft:lava_bucket":1,"minecraft:dandelion":1,"morearmor:cobblestone_armor_leggings":2,"minecraft:gravel":120,"minecraft:sand":156,"sophisticatedbackpacks:iron_backpack":3,"minecraft:grass_block":1,"minecraft:white_bed":12,"minecraft:spider_eye":8,"minecraft:barrel":2,"morearmor:cobblestone_armor_helmet":1,"minetraps:ghost_block":10,"minecraft:diamond":9,"minecraft:stone_axe":2,"minecraft:lever":38,"waystones:waystone":3,"minecraft:granite":1,"minecraft:oak_button":5,"minecraft:oak_sapling":52,"minecraft:coal":480,"minecraft:ender_pearl":1},"minecraft:used":{"minecraft:oak_fence":2,"minecraft:oak_trapdoor":34,"minecraft:iron_shovel":587,"minecraft:redstone":2,"minecraft:oak_sign":24,"minecraft:ladder":9,"minecraft:chest":53,"minecraft:shield":77,"minecraft:stone":187,"morearmor:cobblestone_armor_helmet":1,"minecraft:torch":85,"minecraft:dirt":424,"minecraft:anvil":1,"minecraft:hopper":7,"minecraft:cobblestone_wall":28,"minecraft:carrot":6,"minecraft:acacia_sapling":3,"minecraft:tuff":1,"minecraft:granite":1,"minecraft:glass":30,"minecraft:lava_bucket":3,"minecraft:grass_block":1,"minecraft:iron_axe":261,"minecraft:oak_stairs":13,"minecraft:barrel":5,"minecraft:repeater":4,"minecraft:item_frame":1,"minecraft:oak_sapling":50,"minecraft:furnace":11,"minecraft:minecart":12,"minecraft:egg":4,"minecraft:cooked_beef":13,"minecraft:cobbled_deepslate":27,"minecraft:acacia_planks":32,"minecraft:pointed_dripstone":4,"minecraft:golden_boots":1,"minecraft:cooked_mutton":10,"minecraft:wheat_seeds":18,"minecraft:water_bucket":74,"minecraft:diorite":1,"minecraft:cobblestone_stairs":70,"minetraps:ghost_block":21,"securitycraft:door_indestructible_iron_item":2,"minecraft:stone_pickaxe":1993,"minecraft:powered_rail":59,"minecraft:oak_planks":47,"minecraft:wooden_pickaxe":4,"minecraft:composter":4,"minecraft:structure_void":9,"minecraft:cauldron":2,"minecraft:stonecutter":1,"minecraft:cobblestone_slab":78,"minecraft:sand":55,"minecraft:rail":334,"minecraft:oak_slab":9,"minecraft:crafting_table":16,"minecraft:spider_eye":1,"minecraft:white_bed":19,"minecraft:redstone_torch":1,"waystones:waystone":5,"minecraft:piston":1,"minecraft:lever":46,"minecraft:diamond_pickaxe":7,"minecraft:apple":2,"minecraft:iron_pickaxe":761,"minecraft:oak_button":5,"minecraft:spruce_trapdoor":9,"minecraft:gravel":5,"minecraft:stone_axe":225,"morearmor:cobblestone_armor_leggings":1,"minetraps:nail_trap":1,"minecraft:cobblestone":733,"morearmor:cobblestone_armor_chestplate":1,"minecraft:cooked_porkchop":11,"minecraft:andesite":1,"minecraft:bucket":79,"minecraft:yellow_bed":1,"minecraft:repeating_command_block":2,"minecraft:golden_pickaxe":33,"minecraft:splash_potion":14},"minecraft:mined":{"minecraft:diamond_ore":2,"minecraft:tuff":1,"minecraft:white_bed":11,"minecraft:deepslate_diamond_ore":5,"minecraft:cobblestone_stairs":19,"minecraft:obsidian":6,"minecraft:ladder":1,"minecraft:lever":23,"minecraft:granite":3,"minecraft:acacia_log":10,"minecraft:grass_block":245,"minecraft:composter":1,"minecraft:oak_wall_sign":5,"minecraft:redstone_ore":4,"minecraft:oak_trapdoor":4,"minecraft:furnace":6,"minecraft:carrots":7,"minecraft:iron_ore":150,"minecraft:barrel":2,"minecraft:cobbled_deepslate":4,"minecraft:andesite":1,"minecraft:deepslate_lapis_ore":8,"minecraft:oak_sign":2,"minecraft:bookshelf":4,"minecraft:pointed_dripstone":4,"minecraft:cobblestone_slab":21,"minecraft:deepslate_iron_ore":17,"minecraft:rail":319,"minecraft:oak_stairs":5,"minecraft:stone":1532,"minecraft:deepslate_redstone_ore":34,"minecraft:oak_slab":3,"minecraft:glass_pane":2,"expore:exp_ore":40,"minecraft:dandelion":1,"minecraft:oak_fence":1,"minecraft:clay":4,"minecraft:crafting_table":16,"minecraft:torch":1,"expore:deepslate_exp_ore":26,"minetraps:ghost_block":10,"minecraft:structure_void":1,"minecraft:chest":9,"minecraft:copper_ore":8,"minecraft:tall_grass":1,"minecraft:cobblestone":181,"minecraft:deepslate_gold_ore":14,"minecraft:lapis_ore":10,"minecraft:oak_planks":18,"minecraft:sugar_cane":5,"minecraft:diorite":1,"minecraft:wall_torch":14,"minecraft:white_terracotta":1,"minecraft:cactus":1,"minecraft:powered_rail":53,"minecraft:cobblestone_wall":2,"minecraft:wheat":8,"minecraft:yellow_bed":1,"minecraft:grass":17,"minecraft:oak_log":122,"minecraft:coal_ore":290,"minecraft:gravel":127,"minecraft:dirt":239,"minecraft:sand":82,"minecraft:acacia_planks":14,"minecraft:oak_button":5,"minecraft:stonecutter":1,"minecraft:gold_ore":10,"minecraft:oak_leaves":7,"minecraft:deepslate":34}},"DataVersion":3465}