{"stats":{"minecraft:custom":{"minecraft:mob_kills":59,"minecraft:interact_with_crafting_table":20,"minecraft:open_barrel":15,"minecraft:leave_game":5,"minecraft:time_since_death":207449,"minecraft:climb_one_cm":786,"minecraft:sprint_one_cm":316885,"minecraft:walk_one_cm":907379,"minecraft:damage_blocked_by_shield":1560,"minecraft:drop":14,"minecraft:talked_to_villager":4,"minecraft:play_time":331335,"minecraft:deaths":4,"minecraft:sneak_time":2949,"minecraft:walk_under_water_one_cm":12355,"minecraft:jump":3671,"minecraft:walk_on_water_one_cm":13375,"minecraft:total_world_time":331335,"minecraft:interact_with_furnace":91,"minecraft:interact_with_stonecutter":9,"minecraft:sleep_in_bed":9,"minecraft:time_since_rest":47517,"minecraft:waystone_activated":3,"minecraft:damage_taken":3131,"minecraft:damage_dealt":12031,"minecraft:swim_one_cm":2571,"minecraft:fly_one_cm":517726,"minecraft:open_chest":3,"minecraft:crouch_one_cm":4983,"minecraft:fall_one_cm":92500},"minecraft:mined":{"minecraft:white_bed":7,"minecraft:deepslate_diamond_ore":2,"minecraft:cobblestone_stairs":9,"minecraft:granite":3,"minecraft:acacia_log":10,"minecraft:grass_block":78,"minecraft:redstone_ore":4,"minecraft:furnace":6,"minecraft:carrots":7,"minecraft:iron_ore":88,"minecraft:andesite":1,"minecraft:deepslate_lapis_ore":8,"minecraft:cobblestone_slab":6,"minecraft:bookshelf":4,"minecraft:pointed_dripstone":2,"minecraft:deepslate_iron_ore":8,"minecraft:oak_stairs":5,"minecraft:stone":1340,"minecraft:deepslate_redstone_ore":15,"minecraft:oak_slab":3,"expore:exp_ore":29,"minecraft:clay":4,"minecraft:crafting_table":16,"minecraft:torch":1,"expore:deepslate_exp_ore":8,"minecraft:structure_void":1,"minecraft:copper_ore":8,"minecraft:cobblestone":112,"minecraft:tall_grass":1,"minecraft:deepslate_gold_ore":2,"minecraft:lapis_ore":10,"minecraft:sugar_cane":5,"minecraft:oak_planks":13,"minecraft:diorite":1,"minecraft:wall_torch":7,"minecraft:cactus":1,"minecraft:wheat":8,"minecraft:grass":7,"minecraft:oak_log":72,"minecraft:coal_ore":251,"minecraft:gravel":1,"minecraft:sand":79,"minecraft:dirt":154,"minecraft:acacia_planks":14,"minecraft:oak_button":5,"minecraft:gold_ore":10,"minecraft:oak_leaves":7,"minecraft:deepslate":15},"minecraft:dropped":{"minecraft:wheat_seeds":2,"minecraft:glow_ink_sac":2,"minecraft:structure_void":1,"minecraft:light_weighted_pressure_plate":2,"minecraft:torch":1,"minecraft:white_wool":2,"minecraft:iron_nugget":10,"minecraft:player_head":1,"minecraft:oak_sapling":1,"minecraft:egg":2},"minecraft:killed":{"minecraft:spider":5,"minecraft:skeleton":7,"minecraft:horse":1,"minecraft:cat":2,"minecraft:husk":1,"minecraft:pig":4,"minecraft:iron_golem":1,"minecraft:bat":1,"minecraft:creeper":6,"minecraft:sheep":9,"minecraft:zombie":13,"minecraft:cow":6,"minecraft:enderman":3},"minecraft:used":{"minecraft:iron_shovel":235,"minecraft:oak_sign":3,"minecraft:shield":26,"minecraft:stone":141,"minecraft:torch":42,"minecraft:dirt":182,"minecraft:carrot":5,"minecraft:acacia_sapling":3,"minecraft:granite":1,"minecraft:lava_bucket":1,"minecraft:iron_axe":45,"minecraft:oak_stairs":13,"minecraft:barrel":2,"minecraft:item_frame":1,"minecraft:oak_sapling":18,"minecraft:furnace":10,"minecraft:egg":2,"minecraft:cooked_beef":8,"minecraft:cobbled_deepslate":9,"minecraft:acacia_planks":32,"minecraft:pointed_dripstone":2,"minecraft:golden_boots":1,"minecraft:wheat_seeds":18,"minecraft:cooked_mutton":5,"minecraft:water_bucket":14,"minecraft:diorite":1,"minecraft:cobblestone_stairs":33,"minetraps:ghost_block":4,"securitycraft:door_indestructible_iron_item":2,"minecraft:stone_pickaxe":1600,"minecraft:oak_planks":27,"minecraft:wooden_pickaxe":4,"minecraft:structure_void":9,"minecraft:cauldron":1,"minecraft:stonecutter":1,"minecraft:cobblestone_slab":27,"minecraft:sand":52,"minecraft:oak_slab":9,"minecraft:crafting_table":16,"minecraft:spider_eye":1,"minecraft:white_bed":8,"waystones:waystone":3,"minecraft:apple":2,"minecraft:iron_pickaxe":305,"minecraft:oak_button":5,"minecraft:gravel":1,"minecraft:stone_axe":225,"minetraps:nail_trap":1,"minecraft:cobblestone":369,"minecraft:cooked_porkchop":3,"minecraft:andesite":1,"minecraft:bucket":16,"minecraft:repeating_command_block":2,"minecraft:golden_pickaxe":33},"minecraft:picked_up":{"minecraft:crafting_table":16,"minecraft:wheat":6,"minecraft:clay_ball":16,"minecraft:golden_pickaxe":1,"minecraft:oak_stairs":5,"minecraft:shield":1,"minecraft:string":5,"minecraft:raw_copper":28,"minecraft:flint_and_steel":1,"minecraft:iron_shovel":1,"minecraft:cobbled_deepslate":15,"minecraft:light_weighted_pressure_plate":2,"minecraft:beef":16,"minecraft:cobblestone_slab":6,"minecraft:player_head":3,"minecraft:iron_nugget":20,"minecraft:iron_pickaxe":1,"minecraft:sugar_cane":26,"minecraft:furnace":6,"minecraft:egg":5,"minecraft:tipped_arrow":6,"minecraft:stick":76,"minecraft:raw_iron":129,"minecraft:acacia_log":10,"minecraft:torch":26,"minecraft:porkchop":11,"minecraft:pointed_dripstone":4,"minecraft:diorite":1,"minecraft:carrot":27,"minecraft:redstone":86,"minecraft:rotten_flesh":44,"minecraft:arrow":11,"minecraft:cactus":2,"sophisticatedbackpacks:copper_backpack":1,"minecraft:mutton":11,"minecraft:white_wool":9,"minecraft:cobblestone":1511,"minecraft:cooked_beef":6,"minecraft:golden_carrot":6,"minecraft:glow_ink_sac":2,"minecraft:andesite":1,"minecraft:leather":5,"minecraft:flint":2,"minecraft:oak_log":55,"minecraft:golden_boots":1,"minecraft:gunpowder":8,"minecraft:cobblestone_stairs":9,"minecraft:lapis_lazuli":174,"minecraft:dirt":219,"minecraft:bone":20,"minecraft:acacia_planks":36,"minecraft:apple":2,"minecraft:wheat_seeds":24,"minecraft:raw_gold":22,"minecraft:stone_pickaxe":2,"minecraft:iron_ingot":5,"minecraft:acacia_sapling":3,"minecraft:oak_planks":139,"minecraft:book":12,"minecraft:oak_slab":3,"minecraft:gravel":1,"minecraft:sand":153,"sophisticatedbackpacks:iron_backpack":1,"minecraft:white_bed":8,"minecraft:spider_eye":5,"minecraft:diamond":4,"minecraft:stone_axe":2,"waystones:waystone":2,"minecraft:granite":1,"minecraft:oak_button":5,"minecraft:oak_sapling":20,"minecraft:coal":377},"minecraft:broken":{"minecraft:stone_pickaxe":9,"minecraft:stone_axe":2,"minecraft:iron_pickaxe":1,"minecraft:golden_pickaxe":1},"minecraft:crafted":{"minecraft:oak_planks":128,"minecraft:oak_sign":3,"minecraft:barrel":2,"minetraps:nails":9,"minetraps:nail_trap":1,"minecraft:furnace":3,"minecraft:cobblestone_stairs":1,"minecraft:stone":200,"sophisticatedbackpacks:crafting_upgrade":1,"minecraft:cooked_mutton":11,"minecraft:glass":24,"morearmor:cobblestone_armor_chestplate":1,"minecraft:iron_axe":1,"morearmor:cobblestone_armor_leggings":1,"minecraft:stone_pickaxe":7,"minecraft:chest":1,"minetraps:ghost_block":4,"minecraft:oak_button":2,"minecraft:iron_door":3,"minecraft:cooked_beef":13,"minecraft:oak_slab":12,"minecraft:cauldron":1,"minecraft:cooked_porkchop":11,"minecraft:crafting_table":2,"minecraft:wooden_pickaxe":1,"minecraft:bucket":1,"minecraft:stone_axe":3,"sophisticatedbackpacks:upgrade_base":1,"minecraft:air":0,"securitycraft:door_indestructible_iron_item":1,"minecraft:paper":6,"minecraft:shield":1,"minecraft:stick":68,"minecraft:iron_ingot":83,"minecraft:iron_pickaxe":2,"minecraft:oak_stairs":8,"minecraft:iron_shovel":1,"minecraft:gold_ingot":10,"minecraft:white_bed":1,"minecraft:acacia_planks":40,"minecraft:torch":64}},"DataVersion":3465}