{"stats":{"minecraft:custom":{"minecraft:interact_with_furnace":33,"minecraft:mob_kills":36,"minecraft:interact_with_crafting_table":16,"minecraft:leave_game":4,"minecraft:time_since_death":1765,"minecraft:sleep_in_bed":5,"minecraft:climb_one_cm":482,"minecraft:time_since_rest":1791,"minecraft:sprint_one_cm":205642,"minecraft:damage_taken":2344,"minecraft:walk_one_cm":375985,"minecraft:damage_blocked_by_shield":1050,"minecraft:drop":13,"minecraft:damage_dealt":7642,"minecraft:swim_one_cm":1773,"minecraft:talked_to_villager":1,"minecraft:fly_one_cm":279481,"minecraft:open_chest":2,"minecraft:play_time":125651,"minecraft:crouch_one_cm":3392,"minecraft:sneak_time":1259,"minecraft:deaths":4,"minecraft:walk_under_water_one_cm":10630,"minecraft:jump":2035,"minecraft:walk_on_water_one_cm":8820,"minecraft:total_world_time":125651,"minecraft:fall_one_cm":42635},"minecraft:picked_up":{"minecraft:crafting_table":12,"minecraft:cooked_beef":6,"minecraft:golden_carrot":6,"minecraft:glow_ink_sac":2,"minecraft:andesite":1,"minecraft:golden_pickaxe":1,"minecraft:leather":3,"minecraft:flint":2,"minecraft:oak_log":49,"minecraft:golden_boots":1,"minecraft:shield":1,"minecraft:gunpowder":8,"minecraft:lapis_lazuli":112,"minecraft:string":2,"minecraft:dirt":46,"minecraft:flint_and_steel":1,"minecraft:iron_shovel":1,"minecraft:bone":11,"minecraft:acacia_planks":22,"minecraft:apple":2,"minecraft:wheat_seeds":4,"minecraft:cobbled_deepslate":7,"minecraft:raw_gold":20,"minecraft:iron_ingot":5,"minecraft:light_weighted_pressure_plate":2,"minecraft:beef":14,"minecraft:stone_pickaxe":2,"minecraft:player_head":3,"minecraft:iron_nugget":20,"minecraft:iron_pickaxe":1,"minecraft:sugar_cane":26,"minecraft:acacia_sapling":3,"minecraft:oak_planks":126,"minecraft:furnace":5,"minecraft:egg":3,"minecraft:book":12,"minecraft:tipped_arrow":6,"minecraft:stick":76,"minecraft:raw_iron":86,"minecraft:torch":12,"minecraft:acacia_log":10,"minecraft:gravel":1,"minecraft:porkchop":3,"minecraft:sand":139,"minecraft:pointed_dripstone":4,"minecraft:diorite":1,"minecraft:white_bed":5,"minecraft:spider_eye":5,"minecraft:arrow":5,"minecraft:cactus":2,"minecraft:rotten_flesh":26,"minecraft:diamond":4,"minecraft:stone_axe":2,"waystones:waystone":1,"minecraft:granite":1,"sophisticatedbackpacks:copper_backpack":1,"minecraft:oak_sapling":16,"minecraft:mutton":5,"minecraft:coal":154,"minecraft:white_wool":5,"minecraft:cobblestone":192},"minecraft:mined":{"minecraft:white_bed":4,"expore:exp_ore":25,"minecraft:deepslate_diamond_ore":2,"minecraft:crafting_table":12,"minecraft:torch":1,"minecraft:granite":3,"minecraft:acacia_log":10,"expore:deepslate_exp_ore":8,"minecraft:grass_block":18,"minecraft:structure_void":1,"minecraft:cobblestone":3,"minecraft:lapis_ore":8,"minecraft:sugar_cane":5,"minecraft:diorite":1,"minecraft:cactus":1,"minecraft:furnace":5,"minecraft:iron_ore":50,"minecraft:andesite":1,"minecraft:bookshelf":4,"minecraft:grass":2,"minecraft:coal_ore":101,"minecraft:pointed_dripstone":2,"minecraft:oak_log":66,"minecraft:deepslate_iron_ore":3,"minecraft:gravel":1,"minecraft:sand":64,"minecraft:dirt":28,"minecraft:stone":122,"minecraft:gold_ore":10,"minecraft:oak_leaves":7,"minecraft:deepslate":7},"minecraft:broken":{"minecraft:stone_pickaxe":2,"minecraft:stone_axe":1},"minecraft:killed":{"minecraft:husk":1,"minecraft:pig":1,"minecraft:spider":4,"minecraft:iron_golem":1,"minecraft:creeper":6,"minecraft:skeleton":5,"minecraft:sheep":5,"minecraft:zombie":7,"minecraft:enderman":1,"minecraft:cow":5},"minecraft:dropped":{"minecraft:wheat_seeds":2,"minecraft:iron_nugget":10,"minecraft:player_head":1,"minecraft:glow_ink_sac":2,"minecraft:structure_void":1,"minecraft:light_weighted_pressure_plate":2,"minecraft:torch":1,"minecraft:oak_sapling":1,"minecraft:white_wool":2},"minecraft:used":{"minecraft:golden_boots":1,"minecraft:cooked_mutton":5,"minecraft:iron_shovel":60,"minecraft:water_bucket":4,"minecraft:diorite":1,"minecraft:stone_pickaxe":298,"minecraft:wooden_pickaxe":4,"minecraft:shield":17,"minecraft:structure_void":9,"minecraft:torch":5,"minecraft:sand":22,"minecraft:dirt":15,"minecraft:crafting_table":12,"minecraft:white_bed":5,"minecraft:spider_eye":1,"minecraft:acacia_sapling":3,"minecraft:granite":1,"minecraft:apple":2,"minecraft:iron_pickaxe":50,"minecraft:gravel":1,"minecraft:stone_axe":174,"minecraft:cobblestone":45,"minecraft:oak_sapling":14,"minecraft:furnace":6,"minecraft:cooked_porkchop":3,"minecraft:andesite":1,"minecraft:bucket":5,"minecraft:repeating_command_block":2,"minecraft:cooked_beef":1,"minecraft:egg":2,"minecraft:cobbled_deepslate":7,"minecraft:acacia_planks":18},"minecraft:crafted":{"minecraft:cooked_beef":11,"minecraft:oak_planks":116,"minecraft:cooked_porkchop":3,"minecraft:crafting_table":2,"minecraft:wooden_pickaxe":1,"minecraft:furnace":2,"minecraft:bucket":1,"minecraft:stone_axe":3,"minecraft:cooked_mutton":5,"minecraft:air":0,"minecraft:shield":1,"minecraft:stick":56,"minecraft:iron_ingot":18,"minecraft:iron_pickaxe":1,"minecraft:stone_pickaxe":3,"minecraft:iron_shovel":1,"minecraft:white_bed":1,"minecraft:acacia_planks":40,"minecraft:torch":28}},"DataVersion":3465}