{"stats":{"minecraft:mined":{"minecraft:piston_head":4,"minecraft:crafting_table":11,"minecraft:torch":3,"minecraft:acacia_log":5,"minecraft:grass_block":32,"minecraft:infested_cobblestone":1,"minecraft:campfire":1,"minecraft:cobblestone":11,"minecraft:copper_ore":8,"minecraft:grindstone":2,"minecraft:oak_planks":1,"minecraft:wall_torch":9,"minecraft:hay_block":49,"minecraft:skeleton_skull":1,"minecraft:jungle_wood":3,"minecraft:furnace":5,"minecraft:birch_log":5,"minecraft:iron_ore":23,"minecraft:birch_leaves":1,"minecraft:cobblestone_slab":2,"minecraft:oak_log":15,"minecraft:coal_ore":43,"minecraft:dirt":27,"minecraft:stone":84,"minecraft:mossy_stone_bricks":3,"minecraft:emerald_block":1,"minecraft:oak_leaves":4},"minecraft:killed":{"minecraft:pig":3,"minecraft:sheep":3,"minecraft:skeleton":4,"minecraft:zombie":9,"minecraft:silverfish":3,"minecraft:cow":1},"minecraft:dropped":{"minecraft:birch_sapling":1,"minecraft:cooked_mutton":1,"minecraft:lava_bucket":1,"minecraft:dirt":53,"minecraft:tipped_arrow":3,"minecraft:mossy_stone_bricks":2,"minecraft:acacia_sapling":2,"minecraft:oak_sapling":1,"morearmor:cobblestone_armor_boots":1,"minecraft:bone":1},"minecraft:custom":{"minecraft:interact_with_furnace":34,"minecraft:inspect_dropper":3,"minecraft:mob_kills":26,"minecraft:traded_with_villager":1,"minecraft:interact_with_crafting_table":19,"minecraft:open_barrel":6,"minecraft:interact_with_campfire":2,"minecraft:interact_with_stonecutter":1,"minecraft:leave_game":1,"minecraft:time_since_death":2274,"minecraft:sleep_in_bed":1,"minecraft:climb_one_cm":3064,"minecraft:time_since_rest":2303,"minecraft:sprint_one_cm":122240,"minecraft:damage_taken":2614,"minecraft:walk_one_cm":241354,"minecraft:damage_blocked_by_shield":645,"minecraft:trigger_trapped_chest":5,"minecraft:drop":11,"minecraft:damage_dealt":3536,"minecraft:talked_to_villager":4,"minecraft:swim_one_cm":11857,"minecraft:fly_one_cm":378683,"minecraft:open_chest":24,"minecraft:crouch_one_cm":3414,"minecraft:play_time":85397,"minecraft:deaths":8,"minecraft:sneak_time":2283,"minecraft:walk_under_water_one_cm":4850,"minecraft:boat_one_cm":59303,"minecraft:jump":1105,"minecraft:walk_on_water_one_cm":8516,"minecraft:total_world_time":85397,"minecraft:fall_one_cm":38189,"minecraft:inspect_dispenser":8},"minecraft:used":{"minecraft:oak_trapdoor":1,"minecraft:cooked_mutton":4,"minecraft:water_bucket":9,"minecraft:iron_shovel":53,"minecraft:stone_pickaxe":187,"minecraft:oak_planks":1,"minecraft:chest":1,"minecraft:birch_boat":3,"minecraft:wooden_pickaxe":3,"minecraft:shield":16,"minecraft:cut_sandstone":1,"minecraft:cobblestone_slab":18,"minecraft:stonecutter":1,"minecraft:torch":16,"minecraft:dirt":17,"minecraft:crafting_table":13,"minecraft:white_bed":1,"minecraft:lava_bucket":2,"minecraft:iron_hoe":49,"minecraft:oak_log":1,"minecraft:iron_pickaxe":4,"minecraft:stone_axe":94,"minecraft:cobblestone":1,"minecraft:bow":1,"minecraft:grindstone":1,"minecraft:cooked_porkchop":2,"minecraft:furnace":5,"minecraft:oak_sapling":1,"minecraft:bucket":13},"minecraft:broken":{"minecraft:stone_pickaxe":1,"minecraft:stone_axe":1},"minecraft:crafted":{"minecraft:oak_planks":36,"minecraft:emerald":9,"minecraft:cooked_porkchop":6,"morearmor:cobblestone_armor_helmet":1,"minecraft:crafting_table":2,"minecraft:birch_boat":1,"minecraft:wooden_pickaxe":1,"minecraft:furnace":2,"minecraft:stone":5,"minecraft:bucket":2,"minecraft:birch_planks":20,"minecraft:stone_axe":1,"minecraft:oak_trapdoor":2,"minecraft:cooked_mutton":4,"minecraft:air":0,"minecraft:jungle_planks":4,"minecraft:flint_and_steel":1,"morearmor:cobblestone_armor_boots":1,"morearmor:cobblestone_armor_chestplate":1,"minecraft:shield":1,"minecraft:iron_axe":1,"morearmor:cobblestone_armor_leggings":1,"minecraft:iron_hoe":1,"minecraft:stick":76,"minecraft:iron_ingot":12,"minecraft:iron_pickaxe":1,"minecraft:stone_pickaxe":2,"minecraft:chest":1,"minecraft:iron_shovel":1,"minecraft:stonecutter":1,"minecraft:white_bed":1,"minecraft:acacia_planks":20,"minecraft:torch":16},"minecraft:picked_up":{"minecraft:birch_log":5,"minecraft:charcoal":2,"minecraft:crafting_table":12,"minecraft:leather":1,"minecraft:cut_sandstone":3,"minecraft:jungle_wood":1,"minecraft:wooden_pickaxe":1,"minecraft:flint":1,"minecraft:oak_log":66,"minecraft:gunpowder":4,"minecraft:dirt":112,"minecraft:string":1,"minecraft:raw_copper":33,"minecraft:sticky_piston":4,"minecraft:cooked_mutton":1,"minecraft:bone":4,"minecraft:bow":1,"minecraft:wheat_seeds":1,"minecraft:grindstone":1,"minecraft:beef":2,"minecraft:stone_pickaxe":1,"minecraft:cobblestone_slab":3,"minecraft:mossy_stone_bricks":3,"minecraft:acacia_sapling":2,"minecraft:birch_sapling":4,"minecraft:oak_planks":54,"minecraft:furnace":4,"minecraft:stick":70,"minecraft:raw_iron":23,"minecraft:sandstone":26,"minecraft:emerald_block":1,"minecraft:birch_boat":3,"minecraft:torch":11,"minecraft:acacia_log":5,"minecraft:porkchop":6,"minecraft:sand":2,"minecraft:diorite":1,"minecraft:arrow":10,"minecraft:rotten_flesh":17,"minecraft:stone_axe":1,"minecraft:hay_block":47,"minecraft:bread":1,"minecraft:oak_sapling":2,"minecraft:mutton":5,"minecraft:coal":43,"minecraft:white_wool":3,"minecraft:cobblestone":186}},"DataVersion":3465}