{"stats":{"minecraft:custom":{"minecraft:jump":59,"minecraft:time_since_rest":20961,"minecraft:leave_game":2,"minecraft:play_time":20961,"minecraft:sprint_one_cm":4585,"minecraft:time_since_death":20961,"minecraft:walk_one_cm":7387,"minecraft:total_world_time":20961,"minecraft:fall_one_cm":476,"minecraft:drop":1,"minecraft:fly_one_cm":18667},"minecraft:mined":{"minecraft:structure_void":1},"minecraft:dropped":{"minecraft:structure_void":1},"minecraft:used":{"minecraft:repeating_command_block":2,"minecraft:structure_void":7}},"DataVersion":3465}