{"stats":{"minecraft:mined":{"minecraft:birch_log":5,"minecraft:iron_ore":23,"minecraft:birch_leaves":1,"minecraft:crafting_table":5,"minecraft:coal_ore":43,"minecraft:oak_log":1,"minecraft:dirt":3,"minecraft:copper_ore":8,"minecraft:stone":84},"minecraft:killed":{"minecraft:sheep":2,"minecraft:skeleton":2,"minecraft:pig":2,"minecraft:zombie":7},"minecraft:dropped":{"minecraft:birch_sapling":1},"minecraft:used":{"minecraft:stone_pickaxe":155,"minecraft:shield":5,"minecraft:wooden_pickaxe":3,"minecraft:cut_sandstone":1,"minecraft:stone_axe":39,"minecraft:dirt":3,"minecraft:cobblestone":1,"minecraft:crafting_table":5,"minecraft:furnace":2},"minecraft:custom":{"minecraft:time_since_rest":10414,"minecraft:interact_with_furnace":10,"minecraft:sprint_one_cm":34652,"minecraft:damage_taken":1241,"minecraft:walk_one_cm":74591,"minecraft:damage_blocked_by_shield":195,"minecraft:mob_kills":14,"minecraft:drop":1,"minecraft:damage_dealt":2411,"minecraft:swim_one_cm":232,"minecraft:interact_with_crafting_table":6,"minecraft:fly_one_cm":260284,"minecraft:open_barrel":4,"minecraft:open_chest":10,"minecraft:crouch_one_cm":1705,"minecraft:play_time":37397,"minecraft:deaths":4,"minecraft:sneak_time":1671,"minecraft:walk_under_water_one_cm":2002,"minecraft:jump":355,"minecraft:leave_game":1,"minecraft:walk_on_water_one_cm":4052,"minecraft:time_since_death":10387,"minecraft:total_world_time":37397,"minecraft:fall_one_cm":14799},"minecraft:broken":{"minecraft:stone_pickaxe":1},"minecraft:crafted":{"morearmor:cobblestone_armor_boots":1,"minecraft:oak_planks":36,"morearmor:cobblestone_armor_chestplate":1,"minecraft:shield":1,"morearmor:cobblestone_armor_helmet":1,"minecraft:crafting_table":2,"morearmor:cobblestone_armor_leggings":1,"minecraft:stick":72,"minecraft:iron_ingot":5,"minecraft:wooden_pickaxe":1,"minecraft:stone_pickaxe":2,"minecraft:furnace":2,"minecraft:birch_planks":20,"minecraft:torch":8,"minecraft:stone_axe":1,"minecraft:air":0},"minecraft:picked_up":{"minecraft:birch_log":5,"minecraft:raw_iron":23,"minecraft:stick":69,"minecraft:crafting_table":6,"minecraft:sandstone":26,"minecraft:cut_sandstone":3,"minecraft:wooden_pickaxe":1,"minecraft:porkchop":6,"minecraft:sand":2,"minecraft:oak_log":57,"minecraft:diorite":1,"minecraft:gunpowder":2,"minecraft:string":1,"minecraft:dirt":3,"minecraft:raw_copper":33,"minecraft:cooked_mutton":1,"minecraft:arrow":4,"minecraft:bone":4,"minecraft:rotten_flesh":13,"minecraft:bow":1,"minecraft:stone_pickaxe":1,"minecraft:mutton":3,"minecraft:birch_sapling":4,"minecraft:oak_planks":53,"minecraft:coal":43,"minecraft:white_wool":2,"minecraft:cobblestone":176}},"DataVersion":3465}