{"stats":{"minecraft:custom":{"minecraft:mob_kills":44,"minecraft:interact_with_crafting_table":16,"minecraft:open_barrel":1,"minecraft:leave_game":4,"minecraft:time_since_death":25765,"minecraft:climb_one_cm":786,"minecraft:sprint_one_cm":225883,"minecraft:walk_one_cm":426317,"minecraft:damage_blocked_by_shield":1080,"minecraft:drop":13,"minecraft:talked_to_villager":4,"minecraft:play_time":149651,"minecraft:deaths":4,"minecraft:sneak_time":1417,"minecraft:walk_under_water_one_cm":10630,"minecraft:jump":2257,"minecraft:walk_on_water_one_cm":9164,"minecraft:total_world_time":149651,"minecraft:interact_with_furnace":34,"minecraft:interact_with_stonecutter":1,"minecraft:sleep_in_bed":7,"minecraft:time_since_rest":88,"minecraft:damage_taken":2547,"minecraft:damage_dealt":9846,"minecraft:fly_one_cm":325773,"minecraft:swim_one_cm":1773,"minecraft:open_chest":3,"minecraft:crouch_one_cm":3558,"minecraft:fall_one_cm":50101},"minecraft:picked_up":{"minecraft:crafting_table":13,"minecraft:wheat":6,"minecraft:clay_ball":16,"minecraft:golden_pickaxe":1,"minecraft:shield":1,"minecraft:string":4,"minecraft:flint_and_steel":1,"minecraft:iron_shovel":1,"minecraft:cobbled_deepslate":7,"minecraft:light_weighted_pressure_plate":2,"minecraft:beef":14,"minecraft:player_head":3,"minecraft:iron_nugget":20,"minecraft:iron_pickaxe":1,"minecraft:sugar_cane":26,"minecraft:egg":3,"minecraft:furnace":5,"minecraft:tipped_arrow":6,"minecraft:raw_iron":91,"minecraft:stick":76,"minecraft:torch":12,"minecraft:acacia_log":10,"minecraft:porkchop":3,"minecraft:pointed_dripstone":4,"minecraft:diorite":1,"minecraft:carrot":27,"minecraft:cactus":2,"minecraft:arrow":5,"minecraft:rotten_flesh":40,"sophisticatedbackpacks:copper_backpack":1,"minecraft:mutton":5,"minecraft:white_wool":5,"minecraft:cobblestone":195,"minecraft:cooked_beef":6,"minecraft:golden_carrot":6,"minecraft:glow_ink_sac":2,"minecraft:andesite":1,"minecraft:leather":3,"minecraft:flint":2,"minecraft:oak_log":49,"minecraft:golden_boots":1,"minecraft:gunpowder":8,"minecraft:lapis_lazuli":112,"minecraft:dirt":46,"minecraft:bone":11,"minecraft:acacia_planks":22,"minecraft:apple":2,"minecraft:wheat_seeds":22,"minecraft:raw_gold":20,"minecraft:iron_ingot":5,"minecraft:stone_pickaxe":2,"minecraft:oak_planks":129,"minecraft:acacia_sapling":3,"minecraft:book":12,"minecraft:gravel":1,"minecraft:sand":144,"minecraft:white_bed":6,"minecraft:spider_eye":5,"minecraft:diamond":4,"minecraft:stone_axe":2,"waystones:waystone":1,"minecraft:granite":1,"minecraft:oak_sapling":16,"minecraft:coal":154},"minecraft:mined":{"minecraft:white_bed":5,"minecraft:deepslate_diamond_ore":2,"minecraft:granite":3,"minecraft:acacia_log":10,"minecraft:grass_block":18,"minecraft:furnace":5,"minecraft:carrots":7,"minecraft:iron_ore":55,"minecraft:andesite":1,"minecraft:bookshelf":4,"minecraft:pointed_dripstone":2,"minecraft:deepslate_iron_ore":3,"minecraft:stone":122,"expore:exp_ore":25,"minecraft:clay":4,"minecraft:crafting_table":13,"minecraft:torch":1,"expore:deepslate_exp_ore":8,"minecraft:structure_void":1,"minecraft:tall_grass":1,"minecraft:cobblestone":6,"minecraft:lapis_ore":8,"minecraft:oak_planks":3,"minecraft:sugar_cane":5,"minecraft:diorite":1,"minecraft:cactus":1,"minecraft:wheat":8,"minecraft:grass":2,"minecraft:oak_log":66,"minecraft:coal_ore":101,"minecraft:gravel":1,"minecraft:sand":69,"minecraft:dirt":28,"minecraft:gold_ore":10,"minecraft:oak_leaves":7,"minecraft:deepslate":7},"minecraft:broken":{"minecraft:stone_pickaxe":2,"minecraft:stone_axe":1},"minecraft:killed":{"minecraft:spider":5,"minecraft:skeleton":5,"minecraft:husk":1,"minecraft:pig":1,"minecraft:iron_golem":1,"minecraft:creeper":6,"minecraft:sheep":5,"minecraft:zombie":12,"minecraft:cow":5,"minecraft:enderman":3},"minecraft:dropped":{"minecraft:wheat_seeds":2,"minecraft:glow_ink_sac":2,"minecraft:structure_void":1,"minecraft:light_weighted_pressure_plate":2,"minecraft:torch":1,"minecraft:white_wool":2,"minecraft:player_head":1,"minecraft:iron_nugget":10,"minecraft:oak_sapling":1},"minecraft:used":{"minecraft:iron_shovel":67,"minecraft:shield":18,"minecraft:torch":10,"minecraft:dirt":15,"minecraft:acacia_sapling":3,"minecraft:granite":1,"minecraft:item_frame":1,"minecraft:furnace":6,"minecraft:oak_sapling":14,"minecraft:egg":2,"minecraft:cooked_beef":3,"minecraft:acacia_planks":29,"minecraft:cobbled_deepslate":7,"minecraft:golden_boots":1,"minecraft:wheat_seeds":18,"minecraft:cooked_mutton":5,"minecraft:water_bucket":4,"minecraft:diorite":1,"minecraft:stone_pickaxe":307,"minecraft:wooden_pickaxe":4,"minecraft:structure_void":9,"minecraft:sand":42,"minecraft:crafting_table":12,"minecraft:spider_eye":1,"minecraft:white_bed":6,"minecraft:apple":2,"minecraft:iron_pickaxe":50,"minecraft:gravel":1,"minecraft:stone_axe":201,"minecraft:cobblestone":45,"minecraft:cooked_porkchop":3,"minecraft:bucket":5,"minecraft:andesite":1,"minecraft:repeating_command_block":2},"minecraft:crafted":{"minecraft:oak_planks":116,"minecraft:furnace":2,"minecraft:cooked_mutton":5,"minecraft:stone_pickaxe":3,"minecraft:cooked_beef":11,"minecraft:cooked_porkchop":3,"minecraft:crafting_table":2,"minecraft:wooden_pickaxe":1,"minecraft:bucket":1,"minecraft:stone_axe":3,"minecraft:air":0,"minecraft:shield":1,"minecraft:stick":60,"minecraft:iron_ingot":18,"minecraft:iron_pickaxe":1,"minecraft:iron_shovel":1,"minecraft:white_bed":1,"minecraft:acacia_planks":40,"minecraft:torch":28}},"DataVersion":3465}