{"stats":{"minecraft:mined":{"minecraft:piston_head":4,"minecraft:crafting_table":8,"minecraft:torch":2,"minecraft:acacia_log":5,"minecraft:grass_block":1,"minecraft:infested_cobblestone":1,"minecraft:campfire":1,"minecraft:cobblestone":11,"minecraft:copper_ore":8,"minecraft:oak_planks":1,"minecraft:wall_torch":7,"minecraft:skeleton_skull":1,"minecraft:jungle_wood":3,"minecraft:furnace":3,"minecraft:birch_log":5,"minecraft:iron_ore":23,"minecraft:birch_leaves":1,"minecraft:oak_log":8,"minecraft:coal_ore":43,"minecraft:dirt":3,"minecraft:stone":84,"minecraft:mossy_stone_bricks":3,"minecraft:emerald_block":1,"minecraft:oak_leaves":4},"minecraft:killed":{"minecraft:pig":3,"minecraft:sheep":3,"minecraft:skeleton":2,"minecraft:zombie":8,"minecraft:silverfish":3,"minecraft:cow":1},"minecraft:dropped":{"minecraft:birch_sapling":1,"minecraft:cooked_mutton":1,"minecraft:mossy_stone_bricks":2,"minecraft:acacia_sapling":2,"minecraft:oak_sapling":1},"minecraft:custom":{"minecraft:interact_with_furnace":31,"minecraft:inspect_dropper":3,"minecraft:mob_kills":21,"minecraft:interact_with_crafting_table":11,"minecraft:open_barrel":6,"minecraft:interact_with_campfire":2,"minecraft:leave_game":1,"minecraft:time_since_death":19845,"minecraft:climb_one_cm":2120,"minecraft:time_since_rest":19871,"minecraft:sprint_one_cm":89353,"minecraft:damage_taken":1685,"minecraft:walk_one_cm":175310,"minecraft:damage_blocked_by_shield":510,"minecraft:trigger_trapped_chest":5,"minecraft:drop":6,"minecraft:damage_dealt":3177,"minecraft:swim_one_cm":232,"minecraft:fly_one_cm":322739,"minecraft:open_chest":14,"minecraft:crouch_one_cm":1870,"minecraft:play_time":61397,"minecraft:deaths":5,"minecraft:sneak_time":1726,"minecraft:walk_under_water_one_cm":2002,"minecraft:jump":808,"minecraft:walk_on_water_one_cm":4077,"minecraft:total_world_time":61397,"minecraft:fall_one_cm":25803,"minecraft:inspect_dispenser":8},"minecraft:used":{"minecraft:cooked_mutton":4,"minecraft:stone_pickaxe":181,"minecraft:oak_planks":1,"minecraft:wooden_pickaxe":3,"minecraft:shield":12,"minecraft:cut_sandstone":1,"minecraft:torch":11,"minecraft:dirt":3,"minecraft:crafting_table":8,"minecraft:oak_log":1,"minecraft:iron_pickaxe":4,"minecraft:stone_axe":75,"minecraft:cobblestone":1,"minecraft:bow":1,"minecraft:furnace":4,"minecraft:oak_sapling":1},"minecraft:broken":{"minecraft:stone_pickaxe":1},"minecraft:crafted":{"minecraft:oak_planks":36,"minecraft:emerald":9,"minecraft:cooked_porkchop":6,"morearmor:cobblestone_armor_helmet":1,"minecraft:crafting_table":2,"minecraft:wooden_pickaxe":1,"minecraft:furnace":2,"minecraft:bucket":1,"minecraft:birch_planks":20,"minecraft:stone_axe":1,"minecraft:cooked_mutton":4,"minecraft:air":0,"minecraft:jungle_planks":4,"minecraft:flint_and_steel":1,"morearmor:cobblestone_armor_boots":1,"morearmor:cobblestone_armor_chestplate":1,"minecraft:shield":1,"morearmor:cobblestone_armor_leggings":1,"minecraft:stick":76,"minecraft:iron_ingot":12,"minecraft:iron_pickaxe":1,"minecraft:stone_pickaxe":2,"minecraft:white_bed":1,"minecraft:acacia_planks":20,"minecraft:torch":16},"minecraft:picked_up":{"minecraft:birch_log":5,"minecraft:charcoal":2,"minecraft:crafting_table":9,"minecraft:leather":1,"minecraft:cut_sandstone":3,"minecraft:jungle_wood":1,"minecraft:wooden_pickaxe":1,"minecraft:flint":1,"minecraft:oak_log":64,"minecraft:gunpowder":2,"minecraft:dirt":4,"minecraft:string":1,"minecraft:raw_copper":33,"minecraft:sticky_piston":4,"minecraft:cooked_mutton":1,"minecraft:bone":4,"minecraft:bow":1,"minecraft:beef":2,"minecraft:stone_pickaxe":1,"minecraft:mossy_stone_bricks":3,"minecraft:acacia_sapling":2,"minecraft:birch_sapling":4,"minecraft:oak_planks":54,"minecraft:furnace":2,"minecraft:stick":69,"minecraft:raw_iron":23,"minecraft:sandstone":26,"minecraft:emerald_block":1,"minecraft:torch":8,"minecraft:acacia_log":5,"minecraft:porkchop":6,"minecraft:sand":2,"minecraft:diorite":1,"minecraft:arrow":6,"minecraft:rotten_flesh":15,"minecraft:stone_axe":1,"minecraft:oak_sapling":2,"minecraft:mutton":5,"minecraft:coal":43,"minecraft:white_wool":3,"minecraft:cobblestone":186}},"DataVersion":3465}