{"stats":{"minecraft:custom":{"minecraft:time_since_rest":48830,"minecraft:sprint_one_cm":44278,"minecraft:damage_taken":205,"minecraft:walk_one_cm":89899,"minecraft:mob_kills":2,"minecraft:drop":1,"minecraft:damage_dealt":300,"minecraft:interact_with_crafting_table":3,"minecraft:fly_one_cm":44569,"minecraft:play_time":48830,"minecraft:jump":376,"minecraft:leave_game":3,"minecraft:time_since_death":48830,"minecraft:total_world_time":48830,"minecraft:fall_one_cm":4606},"minecraft:mined":{"minecraft:crafting_table":2,"minecraft:oak_log":60,"minecraft:grass_block":12,"minecraft:coal_ore":41,"minecraft:structure_void":1,"minecraft:dirt":19,"minecraft:stone":16,"minecraft:oak_leaves":4},"minecraft:crafted":{"minecraft:oak_planks":92,"minecraft:crafting_table":1,"minecraft:stick":44,"minecraft:wooden_pickaxe":1,"minecraft:stone_pickaxe":1,"minecraft:torch":8,"minecraft:stone_axe":1},"minecraft:killed":{"minecraft:creeper":1,"minecraft:cow":1},"minecraft:used":{"minecraft:apple":2,"minecraft:stone_pickaxe":53,"minecraft:wooden_pickaxe":4,"minecraft:structure_void":8,"minecraft:stone_axe":63,"minecraft:crafting_table":2,"minecraft:oak_sapling":12,"minecraft:repeating_command_block":2},"minecraft:picked_up":{"minecraft:crafting_table":2,"minecraft:oak_log":43,"minecraft:dirt":31,"minecraft:apple":2,"minecraft:beef":2,"minecraft:oak_sapling":13,"minecraft:coal":41,"minecraft:cobblestone":16},"minecraft:dropped":{"minecraft:structure_void":1}},"DataVersion":3465}