{"stats":{"minecraft:dropped":{"minecraft:structure_void":1},"minecraft:used":{"minecraft:repeating_command_block":2,"minecraft:structure_void":7},"minecraft:custom":{"minecraft:jump":52,"minecraft:time_since_rest":19466,"minecraft:leave_game":1,"minecraft:play_time":19466,"minecraft:sprint_one_cm":3505,"minecraft:time_since_death":19466,"minecraft:walk_one_cm":6244,"minecraft:total_world_time":19466,"minecraft:drop":1,"minecraft:fall_one_cm":476,"minecraft:fly_one_cm":17829},"minecraft:mined":{"minecraft:structure_void":1}},"DataVersion":3465}