{"stats":{"minecraft:mined":{"minecraft:dandelion":1,"minecraft:granite":38,"minecraft:grass_block":15,"minecraft:copper_ore":2,"minecraft:spruce_leaves":2,"minecraft:lapis_ore":2,"minecraft:sugar_cane":4,"minecraft:blue_bed":1,"minecraft:birch_log":4,"minecraft:iron_ore":9,"minecraft:grass":18,"minecraft:oak_log":6,"minecraft:sand":3,"minecraft:gravel":10,"minecraft:dirt":11,"minecraft:stone":49},"minecraft:crafted":{"minecraft:crafting_table":1,"minecraft:wooden_pickaxe":1,"minecraft:birch_planks":16,"minecraft:stick":4,"minecraft:stone_pickaxe":1,"morearmor:dirt_armor_chestplate":1,"morearmor:dirt_armor_boots":1},"minecraft:dropped":{"minecraft:gravel":10,"minecraft:iron_ingot":6,"minecraft:bread":5,"minecraft:furnace":1,"minecraft:sweet_berries":67,"minecraft:sugar_cane":4,"minecraft:birch_planks":7,"minecraft:lapis_lazuli":26,"minecraft:iron_nugget":2,"minecraft:cobbled_deepslate":5,"minecraft:raw_copper":8,"minecraft:crafting_table":4,"minecraft:raw_iron":19,"minecraft:cobblestone":61,"minecraft:book":12,"morearmor:cobblestone_armor_leggings":1,"minecraft:saddle":1,"minecraft:coal":64,"minecraft:stick":34,"minecraft:emerald":1,"minecraft:lava_bucket":1,"minecraft:leather_chestplate":1,"minecraft:dirt":4,"minecraft:shield":1,"minecraft:spruce_planks":62,"minecraft:leather_boots":1,"morearmor:cobblestone_armor_boots":1,"minecraft:pumpkin":14,"minecraft:iron_axe":1,"minecraft:arrow":4,"morearmor:cobblestone_armor_chestplate":1,"minecraft:stone_pickaxe":1,"minecraft:iron_pickaxe":1,"morearmor:sugarcane_armor_boots":1,"minecraft:blue_bed":2},"minecraft:broken":{"morearmor:dirt_armor_chestplate":1,"morearmor:dirt_armor_boots":1},"minecraft:used":{"minecraft:stone_pickaxe":94,"minecraft:wooden_pickaxe":20,"minecraft:sugar_cane":9,"minecraft:torch":1,"minecraft:dirt":13,"minecraft:crafting_table":1,"morearmor:dirt_armor_chestplate":1,"minecraft:granite":35,"morearmor:dirt_armor_boots":3,"minecraft:gravel":1,"minecraft:cobblestone":2},"minecraft:custom":{"minecraft:interact_with_crafting_table":7,"minecraft:leave_game":1,"minecraft:time_since_death":3474,"minecraft:time_since_rest":3507,"minecraft:sprint_one_cm":80455,"minecraft:damage_taken":1357,"minecraft:walk_one_cm":55044,"minecraft:drop":77,"minecraft:damage_dealt":196,"minecraft:swim_one_cm":10555,"minecraft:fly_one_cm":125117,"minecraft:player_kills":1,"minecraft:crouch_one_cm":3985,"minecraft:play_time":29696,"minecraft:deaths":4,"minecraft:sneak_time":1234,"minecraft:walk_under_water_one_cm":4680,"minecraft:jump":668,"minecraft:walk_on_water_one_cm":8705,"minecraft:total_world_time":29696,"minecraft:fall_one_cm":21634},"minecraft:killed_by":{"minecraft:player":2,"minecraft:creeper":1},"minecraft:picked_up":{"minecraft:birch_log":4,"morearmor:dirt_armor_chestplate":2,"minecraft:crafting_table":4,"minecraft:leather_chestplate":1,"minecraft:birch_planks":14,"minecraft:flint":1,"minecraft:oak_log":6,"minecraft:shield":1,"morearmor:sugarcane_armor_boots":1,"minecraft:lapis_lazuli":78,"minecraft:dirt":29,"minecraft:blue_bed":3,"minecraft:raw_copper":40,"minecraft:iron_axe":1,"minecraft:leather_boots":1,"minecraft:wheat_seeds":3,"minecraft:cobbled_deepslate":10,"minecraft:spruce_planks":62,"minecraft:iron_ingot":6,"minecraft:stone_pickaxe":4,"minecraft:iron_nugget":2,"minecraft:iron_pickaxe":1,"minecraft:sugar_cane":13,"minecraft:furnace":1,"minecraft:book":12,"minecraft:stick":34,"minecraft:raw_iron":28,"minecraft:pumpkin":21,"minecraft:sweet_berries":67,"minecraft:dandelion":1,"minecraft:torch":2,"morearmor:dirt_armor_boots":2,"morearmor:cobblestone_armor_leggings":1,"minecraft:lava_bucket":1,"minecraft:gravel":32,"minecraft:sand":3,"morearmor:cobblestone_armor_boots":1,"minecraft:arrow":4,"morearmor:cobblestone_armor_chestplate":1,"minecraft:granite":52,"minecraft:bread":5,"minecraft:saddle":2,"minecraft:emerald":1,"minecraft:cod":1,"minecraft:coal":64,"minecraft:cobblestone":112}},"DataVersion":3465}