{"stats":{"minecraft:crafted":{"minecraft:cooked_porkchop":1,"morearmor:cobblestone_armor_helmet":1,"minecraft:iron_nugget":9,"minecraft:crafting_table":1,"minecraft:iron_helmet":1,"minecraft:wooden_pickaxe":1,"minecraft:stone_axe":1,"minecraft:acacia_boat":1,"minecraft:cooked_mutton":15,"minecraft:air":0,"morearmor:cobblestone_armor_boots":1,"morearmor:cobblestone_armor_chestplate":1,"minecraft:iron_boots":1,"minecraft:iron_chestplate":1,"minecraft:paper":6,"minecraft:shield":1,"minecraft:iron_axe":1,"morearmor:cobblestone_armor_leggings":1,"minecraft:stick":12,"minecraft:iron_pickaxe":1,"minecraft:iron_ingot":48,"minecraft:stone_pickaxe":1,"minecraft:iron_leggings":1,"minecraft:sandstone":4,"minecraft:acacia_planks":120,"musketmod:musket":1,"minecraft:torch":20},"minecraft:dropped":{"morearmor:cobblestone_armor_helmet":1,"minecraft:obsidian":1,"minecraft:rotten_flesh":1,"morearmor:oak_armor_chestplate":2,"minecraft:poppy":2,"morearmor:oak_armor_leggings":1,"morearmor:cobblestone_armor_boots":1,"minecraft:sand":3,"minecraft:string":1,"minecraft:acacia_planks":64},"minecraft:mined":{"expore:exp_ore":23,"minecraft:crafting_table":7,"minecraft:granite":1,"minecraft:acacia_log":30,"expore:deepslate_exp_ore":9,"minecraft:grass_block":3,"minecraft:tall_grass":1,"minecraft:cobblestone":2,"minecraft:lapis_ore":2,"minecraft:sugar_cane":8,"minecraft:sandstone":12,"minecraft:furnace":8,"minecraft:iron_ore":44,"minecraft:andesite":1,"minecraft:gold_block":1,"minecraft:grass":2,"minecraft:coal_ore":24,"minecraft:deepslate_iron_ore":5,"minecraft:iron_bars":1,"minecraft:sand":8,"minecraft:acacia_planks":2,"minecraft:stone":48,"minecraft:deepslate":1,"minecraft:green_bed":1},"minecraft:picked_up":{"minecraft:crafting_table":7,"minecraft:feather":2,"minecraft:chicken":1,"minecraft:andesite":1,"morearmor:oak_armor_leggings":1,"minecraft:gold_block":1,"minecraft:gunpowder":3,"minecraft:lapis_lazuli":5,"minecraft:string":1,"minecraft:dirt":3,"morearmor:oak_armor_chestplate":2,"minecraft:bone":2,"minecraft:acacia_planks":66,"minecraft:iron_ingot":3,"minecraft:poppy":2,"minecraft:sugar_cane":6,"minecraft:acacia_sapling":6,"minecraft:egg":1,"minecraft:furnace":8,"minecraft:stick":7,"minecraft:raw_iron":52,"minecraft:sandstone":12,"minecraft:green_bed":1,"minecraft:acacia_log":30,"minecraft:sand":29,"minecraft:spider_eye":1,"minecraft:rotten_flesh":3,"minecraft:granite":1,"minecraft:gray_wool":1,"minecraft:mutton":11,"minecraft:iron_bars":1,"minecraft:coal":27,"minecraft:white_wool":6,"minecraft:cobblestone":47},"minecraft:killed":{"minecraft:spider":1,"minecraft:iron_golem":1,"minecraft:creeper":2,"minecraft:sheep":7,"minecraft:zombie":4,"minecraft:chicken":1},"minecraft:custom":{"minecraft:interact_with_furnace":44,"minecraft:mob_kills":16,"minecraft:interact_with_crafting_table":33,"minecraft:leave_game":1,"minecraft:time_since_death":40311,"minecraft:time_since_rest":40311,"minecraft:sprint_one_cm":71134,"minecraft:damage_taken":444,"minecraft:walk_one_cm":43133,"minecraft:damage_blocked_by_shield":630,"minecraft:drop":11,"minecraft:damage_dealt":3194,"minecraft:swim_one_cm":5940,"minecraft:talked_to_villager":1,"minecraft:fly_one_cm":125424,"minecraft:open_chest":3,"minecraft:crouch_one_cm":15803,"minecraft:play_time":40311,"minecraft:sneak_time":6291,"minecraft:walk_under_water_one_cm":8529,"minecraft:boat_one_cm":11970,"minecraft:jump":1604,"minecraft:walk_on_water_one_cm":6257,"minecraft:total_world_time":40311,"minecraft:fall_one_cm":18103},"minecraft:used":{"minecraft:cooked_mutton":7,"minecraft:acacia_boat":1,"minecraft:stone_pickaxe":27,"minecraft:wooden_pickaxe":4,"minecraft:shield":8,"minecraft:sandstone":16,"morearmor:cobblestone_armor_helmet":1,"minecraft:rotten_flesh":2,"minecraft:iron_chestplate":1,"minecraft:torch":8,"minecraft:dirt":3,"minecraft:sand":10,"morearmor:cobblestone_armor_boots":1,"minecraft:crafting_table":8,"minecraft:granite":1,"minecraft:chicken":1,"minecraft:iron_axe":21,"minecraft:iron_pickaxe":154,"minecraft:iron_helmet":1,"minecraft:stone_axe":54,"morearmor:cobblestone_armor_leggings":1,"minecraft:cobblestone":16,"minecraft:furnace":8,"morearmor:cobblestone_armor_chestplate":1,"minecraft:cooked_porkchop":1,"minecraft:andesite":1,"minecraft:egg":1,"minecraft:acacia_planks":12,"minecraft:iron_leggings":1}},"DataVersion":3465}