{"stats":{"minecraft:dropped":{"minecraft:feather":2,"morearmor:oak_armor_chestplate":2,"morearmor:oak_armor_leggings":1,"minecraft:sand":3,"minecraft:string":2,"minecraft:acacia_planks":64,"morearmor:cobblestone_armor_helmet":1,"musketmod:cartridge":1,"minecraft:obsidian":1,"minecraft:rotten_flesh":2,"musketmod:musket":1,"minecraft:poppy":2,"morearmor:cobblestone_armor_boots":1},"minecraft:crafted":{"minecraft:iron_nugget":18,"minecraft:cooked_mutton":15,"minecraft:flint_and_steel":1,"morearmor:cobblestone_armor_boots":1,"morearmor:cobblestone_armor_chestplate":1,"minecraft:iron_boots":1,"minecraft:iron_axe":1,"morearmor:cobblestone_armor_leggings":1,"minecraft:stone_pickaxe":1,"musketmod:musket":1,"minecraft:golden_boots":1,"musketmod:cartridge":12,"minecraft:emerald":5,"minecraft:cooked_porkchop":1,"morearmor:cobblestone_armor_helmet":1,"minecraft:crafting_table":1,"minecraft:wooden_pickaxe":1,"minecraft:iron_helmet":1,"minecraft:bucket":1,"minecraft:stone_axe":1,"minecraft:acacia_boat":1,"minecraft:bread":30,"minecraft:air":0,"minecraft:iron_chestplate":1,"minecraft:paper":6,"minecraft:shield":1,"minecraft:stick":176,"minecraft:iron_ingot":48,"minecraft:iron_pickaxe":2,"minecraft:sandstone":4,"minecraft:iron_leggings":1,"minecraft:gold_ingot":9,"minecraft:acacia_planks":120,"minecraft:torch":20},"minecraft:mined":{"minecraft:tuff":5,"minecraft:deepslate_diamond_ore":2,"minecraft:granite":1,"minecraft:acacia_log":30,"minecraft:grass_block":3,"minecraft:composter":1,"minecraft:sandstone":12,"minecraft:furnace":10,"minecraft:iron_ore":44,"minecraft:fire":1,"minecraft:andesite":1,"minecraft:gold_block":1,"minecraft:deepslate_iron_ore":5,"minecraft:iron_bars":1,"minecraft:stone":48,"minecraft:green_bed":4,"expore:exp_ore":23,"minecraft:crafting_table":11,"expore:deepslate_exp_ore":14,"minecraft:dead_bush":1,"minecraft:tall_grass":1,"minecraft:cobblestone":2,"minecraft:lapis_ore":2,"minecraft:sugar_cane":30,"minecraft:grass":3,"minecraft:coal_ore":24,"minecraft:sand":15,"minecraft:acacia_planks":2,"minecraft:netherrack":63,"minecraft:deepslate":10},"minecraft:picked_up":{"minecraft:crafting_table":11,"minecraft:chicken":1,"morearmor:oak_armor_leggings":1,"minecraft:gold_block":1,"minecraft:string":2,"minecraft:cobbled_deepslate":8,"minecraft:poppy":2,"minecraft:sugar_cane":51,"minecraft:egg":1,"minecraft:furnace":10,"minecraft:raw_iron":52,"minecraft:stick":10,"minecraft:sandstone":12,"minecraft:composter":1,"minecraft:acacia_log":30,"minecraft:green_bed":4,"minecraft:arrow":4,"minecraft:rotten_flesh":4,"minecraft:mutton":11,"minecraft:iron_bars":1,"minecraft:white_wool":6,"minecraft:cobblestone":47,"minecraft:feather":2,"minecraft:andesite":1,"minecraft:tuff":3,"minecraft:gunpowder":4,"minecraft:acacia_boat":2,"minecraft:dirt":3,"minecraft:lapis_lazuli":5,"morearmor:oak_armor_chestplate":2,"minecraft:bone":2,"minecraft:acacia_planks":66,"minecraft:iron_ingot":3,"minecraft:acacia_sapling":6,"minecraft:sand":36,"minecraft:spider_eye":1,"musketmod:musket":1,"minecraft:diamond":2,"minecraft:granite":1,"minecraft:gray_wool":1,"minecraft:netherrack":59,"minecraft:coal":35},"minecraft:killed":{"minecraft:spider":3,"minecraft:skeleton":3,"minecraft:chicken":1,"minecraft:piglin":2,"minecraft:husk":1,"minecraft:iron_golem":2,"minecraft:bat":2,"minecraft:creeper":6,"minecraft:sheep":7,"minecraft:zombie":7},"minecraft:custom":{"minecraft:mob_kills":34,"minecraft:interact_with_crafting_table":40,"minecraft:leave_game":2,"minecraft:time_since_death":64180,"minecraft:sprint_one_cm":147567,"minecraft:walk_one_cm":94263,"minecraft:damage_blocked_by_shield":1485,"minecraft:drop":16,"minecraft:talked_to_villager":9,"minecraft:play_time":64180,"minecraft:sneak_time":8457,"minecraft:walk_under_water_one_cm":8841,"minecraft:boat_one_cm":34515,"minecraft:jump":2156,"minecraft:walk_on_water_one_cm":7914,"minecraft:total_world_time":64180,"minecraft:interact_with_furnace":46,"minecraft:traded_with_villager":10,"minecraft:sleep_in_bed":2,"minecraft:time_since_rest":4336,"minecraft:damage_taken":889,"minecraft:damage_dealt":6230,"minecraft:swim_one_cm":5940,"minecraft:fly_one_cm":222536,"minecraft:open_chest":7,"minecraft:crouch_one_cm":22749,"minecraft:fall_one_cm":28779},"minecraft:used":{"minecraft:flint_and_steel":1,"minecraft:shield":27,"morearmor:cobblestone_armor_helmet":1,"minecraft:rotten_flesh":2,"minecraft:netherrack":32,"minecraft:iron_chestplate":1,"minecraft:torch":11,"minecraft:dirt":3,"minecraft:tuff":3,"minecraft:granite":1,"minecraft:lava_bucket":10,"minecraft:iron_axe":66,"minecraft:iron_helmet":1,"minecraft:furnace":8,"minecraft:egg":1,"minecraft:acacia_planks":15,"minecraft:cobbled_deepslate":7,"minecraft:iron_leggings":1,"minecraft:golden_boots":1,"minecraft:cooked_mutton":15,"minecraft:acacia_boat":3,"minecraft:water_bucket":21,"minecraft:stone_pickaxe":27,"minecraft:wooden_pickaxe":4,"minecraft:sandstone":16,"minecraft:composter":1,"minecraft:green_bed":3,"minecraft:sugar_cane":20,"minecraft:sand":17,"morearmor:cobblestone_armor_boots":1,"minecraft:crafting_table":12,"minecraft:chicken":1,"minecraft:bread":4,"minecraft:iron_pickaxe":240,"minecraft:stone_axe":54,"morearmor:cobblestone_armor_leggings":1,"minecraft:cobblestone":17,"morearmor:cobblestone_armor_chestplate":1,"minecraft:cooked_porkchop":1,"minecraft:andesite":1,"minecraft:bucket":32}},"DataVersion":3465}