{"stats":{"minecraft:broken":{"minecraft:iron_pickaxe":1},"minecraft:crafted":{"minecraft:iron_nugget":18,"minecraft:cooked_mutton":15,"minecraft:flint_and_steel":1,"morearmor:cobblestone_armor_boots":1,"morearmor:cobblestone_armor_chestplate":1,"minecraft:iron_boots":1,"minecraft:iron_axe":1,"morearmor:cobblestone_armor_leggings":1,"minecraft:stone_pickaxe":1,"musketmod:musket":1,"minecraft:golden_boots":1,"musketmod:cartridge":12,"minecraft:emerald":5,"minecraft:cooked_porkchop":1,"morearmor:cobblestone_armor_helmet":1,"minecraft:crafting_table":1,"minecraft:wooden_pickaxe":1,"minecraft:iron_helmet":1,"minecraft:iron_sword":1,"minecraft:bucket":1,"minecraft:stone_axe":1,"minecraft:acacia_boat":1,"minecraft:bread":30,"minecraft:air":0,"minecraft:iron_chestplate":1,"minecraft:paper":6,"minecraft:shield":1,"minecraft:stick":176,"minecraft:iron_ingot":48,"minecraft:iron_pickaxe":2,"minecraft:sandstone":4,"minecraft:iron_leggings":1,"minecraft:gold_ingot":9,"minecraft:acacia_planks":120,"minecraft:torch":20},"minecraft:dropped":{"minecraft:iron_ingot":7,"minecraft:feather":2,"morearmor:oak_armor_chestplate":2,"morearmor:oak_armor_leggings":1,"minecraft:sand":3,"minecraft:string":2,"minecraft:acacia_planks":64,"morearmor:cobblestone_armor_helmet":1,"musketmod:cartridge":1,"minecraft:obsidian":1,"minecraft:rotten_flesh":2,"morearmor:cobblestone_armor_leggings":1,"musketmod:musket":1,"minecraft:poppy":2,"minecraft:iron_chestplate":1,"morearmor:cobblestone_armor_boots":1},"minecraft:mined":{"minecraft:tuff":5,"minecraft:blackstone_stairs":2,"minecraft:deepslate_diamond_ore":2,"minecraft:granite":1,"minecraft:acacia_log":30,"minecraft:grass_block":3,"minecraft:cracked_polished_blackstone_bricks":29,"minecraft:composter":1,"minecraft:sandstone":12,"minecraft:spawner":1,"minecraft:polished_blackstone_bricks":46,"minecraft:magma_block":1,"minecraft:furnace":10,"minecraft:iron_ore":44,"minecraft:fire":1,"minecraft:andesite":1,"minecraft:gold_block":1,"minecraft:deepslate_iron_ore":5,"minecraft:iron_bars":1,"minecraft:stone":48,"minecraft:green_bed":4,"expore:exp_ore":23,"minecraft:blackstone":12,"minecraft:basalt":31,"minecraft:crafting_table":13,"expore:deepslate_exp_ore":14,"minecraft:dead_bush":1,"minecraft:tall_grass":1,"minecraft:cobblestone":2,"minecraft:lapis_ore":2,"minecraft:sugar_cane":38,"minecraft:grass":3,"minecraft:coal_ore":24,"minecraft:sand":15,"minecraft:acacia_planks":2,"minecraft:netherrack":85,"minecraft:deepslate":10},"minecraft:picked_up":{"minecraft:crafting_table":13,"minecraft:chicken":1,"morearmor:oak_armor_leggings":1,"minecraft:gold_block":1,"minecraft:string":3,"minecraft:blackstone":11,"minecraft:cobbled_deepslate":8,"minecraft:poppy":2,"minecraft:sugar_cane":75,"minecraft:egg":1,"minecraft:furnace":10,"minecraft:raw_iron":52,"minecraft:stick":11,"minecraft:sandstone":12,"minecraft:composter":1,"minecraft:acacia_log":30,"minecraft:green_bed":4,"minecraft:polished_blackstone_bricks":24,"minecraft:arrow":5,"minecraft:rotten_flesh":6,"minecraft:blackstone_stairs":2,"minecraft:mutton":11,"minecraft:iron_bars":1,"minecraft:white_wool":6,"minecraft:cobblestone":47,"minecraft:feather":2,"minecraft:basalt":28,"minecraft:andesite":1,"minecraft:tuff":3,"minecraft:gunpowder":5,"minecraft:acacia_boat":2,"minecraft:dirt":3,"minecraft:lapis_lazuli":5,"morearmor:oak_armor_chestplate":2,"minecraft:bone":3,"minecraft:acacia_planks":66,"minecraft:iron_ingot":3,"minecraft:acacia_sapling":6,"morearmor:cobblestone_armor_leggings":1,"minecraft:sand":36,"minecraft:spider_eye":1,"musketmod:musket":1,"minecraft:diamond":2,"minecraft:cracked_polished_blackstone_bricks":19,"minecraft:granite":1,"minecraft:gray_wool":1,"minecraft:netherrack":82,"minecraft:coal":35},"minecraft:killed":{"minecraft:spider":5,"minecraft:skeleton":3,"minecraft:chicken":1,"minecraft:magma_cube":6,"minecraft:piglin":4,"minecraft:husk":1,"minecraft:iron_golem":2,"minecraft:bat":2,"minecraft:creeper":8,"minecraft:sheep":7,"minecraft:zombie":10},"minecraft:custom":{"minecraft:mob_kills":51,"minecraft:interact_with_crafting_table":41,"minecraft:leave_game":3,"minecraft:time_since_death":84482,"minecraft:sprint_one_cm":170339,"minecraft:walk_one_cm":117005,"minecraft:damage_blocked_by_shield":1485,"minecraft:drop":19,"minecraft:talked_to_villager":9,"minecraft:play_time":84482,"minecraft:sneak_time":18417,"minecraft:walk_under_water_one_cm":8841,"minecraft:boat_one_cm":34515,"minecraft:jump":2319,"minecraft:walk_on_water_one_cm":7914,"minecraft:total_world_time":84482,"minecraft:interact_with_furnace":46,"minecraft:traded_with_villager":10,"minecraft:sleep_in_bed":2,"minecraft:time_since_rest":24638,"minecraft:damage_taken":1144,"minecraft:damage_dealt":7764,"minecraft:swim_one_cm":5940,"minecraft:fly_one_cm":252700,"minecraft:open_chest":14,"minecraft:crouch_one_cm":53845,"minecraft:fall_one_cm":32368},"minecraft:used":{"minecraft:flint_and_steel":1,"minecraft:shield":27,"minecraft:iron_sword":29,"morearmor:cobblestone_armor_helmet":1,"minecraft:rotten_flesh":2,"minecraft:netherrack":82,"minecraft:iron_chestplate":1,"minecraft:torch":11,"minecraft:dirt":3,"minecraft:tuff":3,"minecraft:granite":1,"minecraft:lava_bucket":10,"minecraft:iron_axe":73,"minecraft:iron_helmet":1,"minecraft:iron_boots":1,"minecraft:basalt":28,"minecraft:furnace":8,"minecraft:egg":1,"minecraft:acacia_planks":15,"minecraft:cobbled_deepslate":8,"minecraft:iron_leggings":1,"minecraft:golden_boots":1,"minecraft:cooked_mutton":15,"minecraft:acacia_boat":3,"minecraft:water_bucket":21,"minecraft:stone_pickaxe":27,"minecraft:blackstone_stairs":2,"minecraft:blackstone":11,"minecraft:wooden_pickaxe":4,"minecraft:sandstone":16,"minecraft:composter":1,"minecraft:green_bed":3,"minecraft:sugar_cane":20,"minecraft:polished_blackstone_bricks":24,"minecraft:sand":17,"morearmor:cobblestone_armor_boots":1,"minecraft:crafting_table":13,"minecraft:cracked_polished_blackstone_bricks":19,"minecraft:chicken":1,"minecraft:bread":11,"minecraft:iron_pickaxe":384,"minecraft:stone_axe":54,"morearmor:cobblestone_armor_leggings":1,"minecraft:cobblestone":17,"morearmor:cobblestone_armor_chestplate":1,"minecraft:cooked_porkchop":1,"minecraft:andesite":1,"minecraft:bucket":32,"minecraft:gray_wool":1}},"DataVersion":3465}