{"stats":{"minecraft:crafted":{"morearmor:cobblestone_armor_boots":1,"morearmor:cobblestone_armor_chestplate":1,"minecraft:cooked_porkchop":1,"morearmor:cobblestone_armor_helmet":1,"minecraft:crafting_table":1,"morearmor:cobblestone_armor_leggings":1,"minecraft:stick":12,"minecraft:wooden_pickaxe":1,"minecraft:stone_pickaxe":1,"minecraft:acacia_planks":28,"minecraft:stone_axe":1,"minecraft:cooked_mutton":4,"minecraft:air":0},"minecraft:mined":{"minecraft:crafting_table":2,"minecraft:grass":1,"minecraft:acacia_log":7,"minecraft:grass_block":1,"minecraft:acacia_planks":2,"minecraft:stone":31,"minecraft:sugar_cane":8},"minecraft:picked_up":{"minecraft:stick":4,"minecraft:crafting_table":2,"minecraft:feather":2,"minecraft:chicken":1,"morearmor:oak_armor_leggings":1,"minecraft:acacia_log":7,"minecraft:spider_eye":1,"minecraft:dirt":1,"morearmor:oak_armor_chestplate":1,"minecraft:acacia_planks":2,"minecraft:rotten_flesh":1,"minecraft:sugar_cane":6,"minecraft:cobblestone":31,"minecraft:egg":1},"minecraft:killed":{"minecraft:zombie":1,"minecraft:chicken":1},"minecraft:custom":{"minecraft:time_since_rest":10780,"minecraft:interact_with_furnace":4,"minecraft:sprint_one_cm":15808,"minecraft:damage_taken":309,"minecraft:walk_one_cm":11527,"minecraft:mob_kills":2,"minecraft:damage_dealt":336,"minecraft:interact_with_crafting_table":6,"minecraft:fly_one_cm":27927,"minecraft:crouch_one_cm":3821,"minecraft:play_time":10780,"minecraft:sneak_time":1241,"minecraft:jump":107,"minecraft:time_since_death":10780,"minecraft:walk_on_water_one_cm":3384,"minecraft:total_world_time":10780,"minecraft:fall_one_cm":6755},"minecraft:used":{"minecraft:cooked_mutton":2,"minecraft:chicken":1,"minecraft:stone_pickaxe":27,"minecraft:wooden_pickaxe":4,"morearmor:cobblestone_armor_helmet":1,"minecraft:rotten_flesh":1,"minecraft:stone_axe":9,"morearmor:cobblestone_armor_leggings":1,"minecraft:dirt":1,"minecraft:cobblestone":1,"morearmor:cobblestone_armor_boots":1,"minecraft:crafting_table":2,"morearmor:cobblestone_armor_chestplate":1,"minecraft:cooked_porkchop":1,"minecraft:egg":1,"minecraft:acacia_planks":11}},"DataVersion":3465}