{"stats":{"minecraft:mined":{"expore:exp_ore":1,"minecraft:crafting_table":5,"minecraft:granite":1,"minecraft:grass_block":11,"minecraft:melon":7,"minecraft:tall_grass":12,"minecraft:copper_ore":4,"minecraft:sugar_cane":5,"minecraft:diorite":27,"minecraft:oxeye_daisy":1,"minecraft:wall_torch":3,"minecraft:birch_log":23,"minecraft:iron_ore":35,"minecraft:andesite":15,"minecraft:grass":30,"minecraft:oak_log":56,"minecraft:coal_ore":73,"minecraft:gravel":61,"minecraft:dirt":11,"minecraft:stone":268,"minecraft:oak_leaves":7},"minecraft:killed":{"minecraft:husk":1,"minecraft:pig":6,"minecraft:salmon":3,"minecraft:spider":1,"minecraft:zombie":5,"minecraft:chicken":2},"minecraft:used":{"minecraft:stone_sword":44,"minecraft:stone_pickaxe":131,"minecraft:stone_shovel":56,"minecraft:wooden_pickaxe":17,"minecraft:iron_sword":19,"minecraft:rotten_flesh":2,"minecraft:torch":27,"minecraft:dirt":10,"minecraft:crafting_table":6,"minecraft:carrot":3,"minecraft:oak_log":3,"minecraft:melon_slice":16,"minecraft:iron_axe":58,"minecraft:iron_pickaxe":277,"minecraft:gravel":26,"minecraft:stone_axe":21,"minecraft:furnace":1,"minecraft:porkchop":2,"minecraft:cooked_porkchop":2,"minecraft:andesite":1,"minecraft:egg":1},"minecraft:custom":{"minecraft:interact_with_furnace":9,"minecraft:mob_kills":19,"minecraft:interact_with_crafting_table":16,"minecraft:time_since_death":51362,"minecraft:climb_one_cm":1927,"minecraft:time_since_rest":51392,"minecraft:waystone_activated":1,"minecraft:sprint_one_cm":165694,"minecraft:damage_taken":709,"minecraft:walk_one_cm":322197,"minecraft:damage_dealt":2719,"minecraft:swim_one_cm":21583,"minecraft:fly_one_cm":145801,"minecraft:crouch_one_cm":1749,"minecraft:play_time":86177,"minecraft:deaths":1,"minecraft:sneak_time":1070,"minecraft:walk_under_water_one_cm":14047,"minecraft:jump":1179,"minecraft:walk_on_water_one_cm":22960,"minecraft:total_world_time":86177,"minecraft:fall_one_cm":24314},"minecraft:broken":{"minecraft:stone_pickaxe":1,"minecraft:iron_axe":1},"minecraft:crafted":{"minecraft:wooden_sword":1,"minecraft:oak_planks":36,"minecraft:stone_shovel":1,"minecraft:cooked_porkchop":6,"morearmor:cobblestone_armor_helmet":1,"minecraft:crafting_table":2,"minecraft:wooden_pickaxe":1,"minecraft:iron_sword":2,"minecraft:furnace":1,"minecraft:bucket":1,"minecraft:birch_planks":24,"minecraft:stone_axe":1,"minecraft:air":0,"morearmor:cobblestone_armor_boots":1,"morearmor:cobblestone_armor_chestplate":1,"minecraft:charcoal":6,"minecraft:iron_axe":1,"morearmor:cobblestone_armor_leggings":1,"minecraft:stick":16,"minecraft:iron_ingot":13,"minecraft:iron_pickaxe":3,"minecraft:stone_pickaxe":1,"minecraft:stone_sword":1,"minecraft:torch":44},"minecraft:picked_up":{"minecraft:birch_log":23,"minecraft:crafting_table":5,"minecraft:feather":2,"minecraft:chicken":2,"minecraft:andesite":15,"minecraft:salmon":3,"minecraft:flint":9,"minecraft:oak_log":56,"minecraft:dirt":21,"minecraft:raw_copper":14,"minecraft:iron_axe":1,"minecraft:apple":1,"minecraft:wheat_seeds":3,"minecraft:iron_ingot":52,"minecraft:sugar_cane":13,"minecraft:melon_slice":39,"minecraft:birch_sapling":11,"minecraft:egg":4,"minecraft:stick":36,"minecraft:raw_iron":35,"minecraft:torch":3,"minecraft:gravel":52,"minecraft:porkchop":12,"minecraft:diorite":27,"minecraft:carrot":2,"minecraft:rotten_flesh":5,"minecraft:granite":1,"sophisticatedbackpacks:copper_backpack":1,"minecraft:oak_sapling":21,"minecraft:coal":73,"minecraft:cobblestone":265,"minecraft:oxeye_daisy":1}},"DataVersion":3465}