{"stats":{"minecraft:mined":{"expore:exp_ore":1,"minecraft:crafting_table":5,"minecraft:granite":1,"minecraft:grass_block":11,"minecraft:melon":7,"minecraft:tall_grass":12,"minecraft:copper_ore":4,"minecraft:sugar_cane":5,"minecraft:diorite":28,"minecraft:oxeye_daisy":1,"minecraft:wall_torch":3,"minecraft:birch_log":23,"minecraft:iron_ore":35,"minecraft:andesite":15,"minecraft:grass":30,"minecraft:oak_log":56,"minecraft:coal_ore":73,"minecraft:gravel":61,"minecraft:dirt":11,"minecraft:stone":282,"minecraft:oak_leaves":7},"minecraft:killed":{"minecraft:husk":1,"minecraft:pig":6,"minecraft:salmon":3,"minecraft:spider":1,"minecraft:zombie":6,"minecraft:chicken":2},"minecraft:used":{"minecraft:water_bucket":1,"minecraft:stone_sword":54,"minecraft:stone_pickaxe":131,"minecraft:stone_shovel":56,"minecraft:wooden_pickaxe":27,"minecraft:iron_sword":19,"minecraft:rotten_flesh":2,"minecraft:torch":27,"minecraft:dirt":10,"minecraft:crafting_table":6,"minecraft:carrot":3,"minecraft:oak_log":3,"minecraft:melon_slice":16,"minecraft:iron_axe":58,"minecraft:iron_pickaxe":282,"minecraft:gravel":33,"minecraft:stone_axe":21,"minecraft:furnace":1,"minecraft:porkchop":2,"minecraft:cooked_porkchop":4,"minecraft:bucket":1,"minecraft:andesite":1,"minecraft:egg":1},"minecraft:custom":{"minecraft:interact_with_furnace":11,"minecraft:mob_kills":20,"minecraft:interact_with_crafting_table":16,"minecraft:leave_game":1,"minecraft:time_since_death":59615,"minecraft:climb_one_cm":1927,"minecraft:time_since_rest":59645,"minecraft:waystone_activated":1,"minecraft:sprint_one_cm":174382,"minecraft:damage_taken":861,"minecraft:walk_one_cm":337854,"minecraft:damage_dealt":2917,"minecraft:swim_one_cm":21583,"minecraft:fly_one_cm":150108,"minecraft:crouch_one_cm":1859,"minecraft:play_time":94430,"minecraft:deaths":1,"minecraft:sneak_time":1263,"minecraft:walk_under_water_one_cm":15576,"minecraft:jump":1279,"minecraft:walk_on_water_one_cm":25487,"minecraft:total_world_time":94430,"minecraft:fall_one_cm":25754},"minecraft:broken":{"minecraft:stone_pickaxe":1,"minecraft:iron_axe":1,"minecraft:iron_pickaxe":1},"minecraft:crafted":{"minecraft:wooden_sword":1,"minecraft:oak_planks":36,"minecraft:stone_shovel":1,"minecraft:cooked_porkchop":6,"morearmor:cobblestone_armor_helmet":1,"minecraft:crafting_table":2,"minecraft:wooden_pickaxe":1,"minecraft:iron_sword":2,"minecraft:furnace":1,"minecraft:bucket":1,"minecraft:birch_planks":24,"minecraft:stone_axe":1,"minecraft:air":0,"morearmor:cobblestone_armor_boots":1,"morearmor:cobblestone_armor_chestplate":1,"minecraft:charcoal":10,"minecraft:iron_axe":1,"morearmor:cobblestone_armor_leggings":1,"minecraft:stick":16,"minecraft:iron_ingot":35,"minecraft:iron_pickaxe":3,"minecraft:stone_pickaxe":1,"minecraft:stone_sword":1,"minecraft:torch":44},"minecraft:picked_up":{"minecraft:birch_log":23,"minecraft:crafting_table":5,"minecraft:feather":2,"minecraft:chicken":2,"minecraft:andesite":15,"minecraft:salmon":3,"minecraft:flint":9,"minecraft:oak_log":56,"minecraft:dirt":21,"minecraft:raw_copper":14,"minecraft:iron_axe":1,"minecraft:apple":1,"minecraft:wheat_seeds":3,"minecraft:iron_ingot":52,"minecraft:sugar_cane":13,"minecraft:melon_slice":39,"minecraft:birch_sapling":11,"minecraft:egg":4,"minecraft:stick":36,"minecraft:raw_iron":35,"minecraft:torch":3,"minecraft:gravel":52,"minecraft:porkchop":12,"minecraft:diorite":28,"minecraft:carrot":2,"minecraft:rotten_flesh":5,"minecraft:granite":1,"sophisticatedbackpacks:copper_backpack":1,"minecraft:oak_sapling":21,"minecraft:coal":73,"minecraft:cobblestone":279,"minecraft:oxeye_daisy":1}},"DataVersion":3465}