{"stats":{"minecraft:custom":{"minecraft:mob_kills":17,"minecraft:interact_with_crafting_table":7,"minecraft:time_since_death":22252,"minecraft:climb_one_cm":1927,"minecraft:time_since_rest":22282,"minecraft:waystone_activated":1,"minecraft:sprint_one_cm":138533,"minecraft:damage_taken":650,"minecraft:walk_one_cm":243186,"minecraft:damage_dealt":2396,"minecraft:swim_one_cm":21356,"minecraft:fly_one_cm":124612,"minecraft:crouch_one_cm":593,"minecraft:play_time":57067,"minecraft:deaths":1,"minecraft:sneak_time":606,"minecraft:walk_under_water_one_cm":11268,"minecraft:jump":930,"minecraft:walk_on_water_one_cm":19892,"minecraft:total_world_time":57067,"minecraft:fall_one_cm":22066},"minecraft:crafted":{"minecraft:wooden_sword":1,"minecraft:oak_planks":36,"minecraft:crafting_table":2,"minecraft:wooden_pickaxe":1,"minecraft:iron_sword":1,"minecraft:birch_planks":24,"minecraft:stone_axe":1,"minecraft:iron_axe":1,"minecraft:stick":16,"minecraft:iron_pickaxe":2,"minecraft:stone_pickaxe":1,"minecraft:stone_sword":1,"minecraft:torch":44},"minecraft:picked_up":{"minecraft:birch_log":23,"minecraft:crafting_table":4,"minecraft:chicken":1,"minecraft:salmon":3,"minecraft:andesite":15,"minecraft:oak_log":56,"minecraft:dirt":21,"minecraft:iron_axe":1,"minecraft:apple":1,"minecraft:wheat_seeds":3,"minecraft:iron_ingot":52,"minecraft:melon_slice":39,"minecraft:sugar_cane":13,"minecraft:birch_sapling":11,"minecraft:egg":4,"minecraft:stick":36,"minecraft:raw_iron":5,"minecraft:gravel":1,"minecraft:porkchop":9,"minecraft:carrot":2,"minecraft:rotten_flesh":5,"sophisticatedbackpacks:copper_backpack":1,"minecraft:oak_sapling":21,"minecraft:coal":23,"minecraft:cobblestone":30,"minecraft:oxeye_daisy":1},"minecraft:used":{"minecraft:stone_sword":32,"minecraft:stone_pickaxe":23,"minecraft:wooden_pickaxe":17,"minecraft:iron_sword":19,"minecraft:rotten_flesh":2,"minecraft:torch":2,"minecraft:dirt":8,"minecraft:crafting_table":4,"minecraft:carrot":3,"minecraft:oak_log":3,"minecraft:iron_axe":58,"minecraft:melon_slice":14,"minecraft:iron_pickaxe":32,"minecraft:stone_axe":20,"minecraft:porkchop":2,"minecraft:andesite":1,"minecraft:egg":1},"minecraft:broken":{"minecraft:iron_axe":1},"minecraft:mined":{"minecraft:crafting_table":4,"minecraft:grass_block":11,"minecraft:melon":7,"minecraft:tall_grass":12,"minecraft:sugar_cane":5,"minecraft:oxeye_daisy":1,"minecraft:birch_log":23,"minecraft:iron_ore":5,"minecraft:andesite":15,"minecraft:grass":28,"minecraft:oak_log":56,"minecraft:coal_ore":23,"minecraft:gravel":1,"minecraft:dirt":11,"minecraft:stone":28,"minecraft:oak_leaves":7},"minecraft:killed":{"minecraft:husk":1,"minecraft:pig":5,"minecraft:salmon":3,"minecraft:spider":1,"minecraft:zombie":5,"minecraft:chicken":1}},"DataVersion":3465}