{"stats":{"minecraft:custom":{"minecraft:time_since_rest":10282,"minecraft:waystone_activated":1,"minecraft:sprint_one_cm":95666,"minecraft:damage_taken":460,"minecraft:walk_one_cm":198754,"minecraft:mob_kills":11,"minecraft:damage_dealt":1432,"minecraft:swim_one_cm":10382,"minecraft:interact_with_crafting_table":5,"minecraft:fly_one_cm":79313,"minecraft:crouch_one_cm":126,"minecraft:play_time":45067,"minecraft:deaths":1,"minecraft:sneak_time":419,"minecraft:walk_under_water_one_cm":8995,"minecraft:jump":677,"minecraft:time_since_death":10252,"minecraft:walk_on_water_one_cm":13773,"minecraft:climb_one_cm":1927,"minecraft:total_world_time":45067,"minecraft:fall_one_cm":17177},"minecraft:crafted":{"minecraft:wooden_sword":1,"minecraft:oak_planks":36,"minecraft:iron_axe":1,"minecraft:crafting_table":2,"minecraft:stick":16,"minecraft:wooden_pickaxe":1,"minecraft:iron_pickaxe":2,"minecraft:iron_sword":1,"minecraft:birch_planks":24},"minecraft:picked_up":{"minecraft:birch_log":23,"minecraft:stick":28,"minecraft:crafting_table":3,"minecraft:chicken":1,"minecraft:andesite":14,"minecraft:salmon":3,"minecraft:porkchop":3,"minecraft:oak_log":40,"minecraft:carrot":2,"minecraft:dirt":11,"minecraft:iron_axe":1,"minecraft:rotten_flesh":2,"minecraft:apple":1,"minecraft:wheat_seeds":1,"minecraft:iron_ingot":52,"sophisticatedbackpacks:copper_backpack":1,"minecraft:melon_slice":39,"minecraft:oak_sapling":10,"minecraft:sugar_cane":13,"minecraft:birch_sapling":11,"minecraft:coal":12,"minecraft:oxeye_daisy":1,"minecraft:cobblestone":19,"minecraft:egg":3},"minecraft:used":{"minecraft:oak_log":3,"minecraft:iron_axe":58,"minecraft:iron_pickaxe":32,"minecraft:wooden_pickaxe":11,"minecraft:iron_sword":19,"minecraft:rotten_flesh":2,"minecraft:crafting_table":4,"minecraft:porkchop":2,"minecraft:carrot":3,"minecraft:egg":1},"minecraft:broken":{"minecraft:iron_axe":1},"minecraft:mined":{"minecraft:birch_log":23,"minecraft:andesite":14,"minecraft:crafting_table":3,"minecraft:grass":4,"minecraft:coal_ore":12,"minecraft:grass_block":3,"minecraft:oak_log":40,"minecraft:melon":7,"minecraft:dirt":8,"minecraft:stone":17,"minecraft:sugar_cane":5,"minecraft:oxeye_daisy":1,"minecraft:oak_leaves":7},"minecraft:killed":{"minecraft:husk":1,"minecraft:zombie":2,"minecraft:pig":2,"minecraft:chicken":1,"minecraft:salmon":3,"minecraft:spider":1}},"DataVersion":3465}