{"stats":{"minecraft:custom":{"minecraft:time_since_rest":15067,"minecraft:crouch_one_cm":84,"minecraft:play_time":15067,"minecraft:sprint_one_cm":24821,"minecraft:damage_taken":225,"minecraft:walk_one_cm":58796,"minecraft:sneak_time":291,"minecraft:walk_under_water_one_cm":50,"minecraft:mob_kills":4,"minecraft:jump":106,"minecraft:damage_dealt":853,"minecraft:walk_on_water_one_cm":421,"minecraft:time_since_death":15067,"minecraft:total_world_time":15067,"minecraft:swim_one_cm":1700,"minecraft:interact_with_crafting_table":1,"minecraft:fall_one_cm":2498,"minecraft:fly_one_cm":16594},"minecraft:crafted":{"minecraft:wooden_sword":1,"minecraft:oak_planks":36,"minecraft:crafting_table":1},"minecraft:picked_up":{"minecraft:iron_axe":1,"minecraft:crafting_table":1,"minecraft:stick":4,"minecraft:rotten_flesh":2,"minecraft:iron_ingot":20,"minecraft:porkchop":2,"minecraft:oak_log":12,"minecraft:carrot":2,"minecraft:oak_sapling":2},"minecraft:used":{"minecraft:rotten_flesh":2,"minecraft:oak_log":3,"minecraft:crafting_table":1,"minecraft:porkchop":2,"minecraft:iron_axe":3,"minecraft:carrot":2},"minecraft:broken":{"minecraft:iron_axe":1},"minecraft:mined":{"minecraft:oak_log":12,"minecraft:oak_leaves":3,"minecraft:crafting_table":1},"minecraft:killed":{"minecraft:husk":1,"minecraft:zombie":1,"minecraft:pig":1}},"DataVersion":3465}