{"stats":{"minecraft:broken":{"minecraft:wooden_axe":1},"minecraft:crafted":{"minecraft:wooden_sword":1,"minecraft:cooked_porkchop":4,"minecraft:crafting_table":1,"minecraft:stick":24,"minecraft:wooden_pickaxe":1,"minecraft:wooden_axe":1,"minecraft:furnace":1,"minecraft:birch_planks":24,"minecraft:jungle_planks":72},"minecraft:mined":{"minecraft:furnace":1,"minecraft:birch_log":6,"minecraft:jungle_leaves":19,"minecraft:crafting_table":3,"minecraft:grass":2,"minecraft:grass_block":2,"minecraft:vine":8,"minecraft:jungle_log":20,"minecraft:dirt":1,"minecraft:stone":15,"minecraft:oak_leaves":4},"minecraft:picked_up":{"minecraft:birch_log":6,"minecraft:crafting_table":3,"minecraft:jungle_log":18,"minecraft:porkchop":4,"minecraft:dirt":3,"minecraft:rotten_flesh":1,"minecraft:jungle_sapling":1,"minecraft:birch_sapling":5,"minecraft:cobblestone":15,"minecraft:furnace":1},"minecraft:killed":{"minecraft:zombie":1,"minecraft:pig":2},"minecraft:custom":{"minecraft:time_since_rest":16283,"minecraft:interact_with_furnace":6,"minecraft:sprint_one_cm":46833,"minecraft:damage_taken":220,"minecraft:walk_one_cm":21674,"minecraft:mob_kills":3,"minecraft:damage_dealt":419,"minecraft:interact_with_crafting_table":9,"minecraft:fly_one_cm":20000,"minecraft:play_time":16283,"minecraft:jump":141,"minecraft:time_since_death":16283,"minecraft:climb_one_cm":619,"minecraft:total_world_time":16283,"minecraft:fall_one_cm":2015},"minecraft:used":{"minecraft:wooden_axe":57,"minecraft:wooden_pickaxe":18,"minecraft:rotten_flesh":1,"minecraft:wooden_sword":9,"minecraft:dirt":2,"minecraft:crafting_table":3,"minecraft:furnace":1,"minecraft:cooked_porkchop":3}},"DataVersion":3465}