{"stats":{"minecraft:broken":{"minecraft:wooden_sword":1,"minecraft:wooden_axe":1,"minecraft:wooden_pickaxe":1},"minecraft:dropped":{"minecraft:wooden_axe":1},"minecraft:crafted":{"minecraft:wooden_sword":1,"minecraft:cooked_porkchop":4,"minecraft:crafting_table":2,"minecraft:wooden_pickaxe":1,"minecraft:furnace":1,"minecraft:birch_planks":24,"minecraft:stone_axe":1,"minecraft:jungle_planks":72,"minecraft:stick":32,"minecraft:stone_pickaxe":1,"minecraft:wooden_axe":2,"minecraft:acacia_planks":44,"minecraft:torch":20},"minecraft:mined":{"minecraft:cut_sandstone":14,"minecraft:stone_pressure_plate":1,"minecraft:jungle_leaves":86,"minecraft:orange_terracotta":1,"minecraft:crafting_table":6,"minecraft:acacia_log":15,"minecraft:grass_block":9,"minecraft:melon":4,"minecraft:chest":4,"minecraft:jungle_log":26,"minecraft:dead_bush":1,"minecraft:cobblestone":5,"minecraft:sugar_cane":23,"minecraft:sandstone":9,"minecraft:lime_bed":1,"minecraft:cactus":2,"minecraft:furnace":1,"minecraft:birch_log":6,"minecraft:tnt":9,"minecraft:grass":3,"minecraft:coal_ore":42,"minecraft:vine":21,"minecraft:sand":1,"minecraft:dirt":1,"minecraft:bamboo":3,"minecraft:stone":40,"minecraft:oak_leaves":4,"minecraft:fern":1},"minecraft:picked_up":{"minecraft:birch_log":6,"minecraft:cocoa_beans":6,"minecraft:lime_bed":1,"minecraft:crafting_table":7,"minecraft:jungle_log":30,"minecraft:cut_sandstone":28,"minecraft:gunpowder":4,"minecraft:dirt":13,"minecraft:orange_terracotta":2,"minecraft:stone_pickaxe":1,"minecraft:jungle_sapling":4,"minecraft:bamboo":13,"minecraft:chest":8,"minecraft:melon_slice":26,"minecraft:sugar_cane":55,"minecraft:birch_sapling":5,"minecraft:acacia_sapling":4,"minecraft:furnace":2,"minecraft:stick":22,"minecraft:sandstone":10,"minecraft:torch":2,"minecraft:acacia_log":15,"minecraft:jungle_planks":5,"minecraft:porkchop":9,"minecraft:sand":20,"minecraft:iron_horse_armor":2,"minecraft:stone_pressure_plate":2,"minecraft:tnt":18,"minecraft:cactus":6,"minecraft:rotten_flesh":25,"minecraft:stone_axe":1,"minecraft:golden_horse_armor":3,"sophisticatedbackpacks:copper_backpack":1,"minecraft:coal":61,"minecraft:cobblestone":55},"minecraft:killed":{"minecraft:pig":4,"minecraft:zombie":4},"minecraft:custom":{"minecraft:interact_with_furnace":6,"minecraft:mob_kills":8,"minecraft:interact_with_crafting_table":12,"minecraft:leave_game":1,"minecraft:time_since_death":14374,"minecraft:climb_one_cm":4413,"minecraft:time_since_rest":14449,"minecraft:waystone_activated":1,"minecraft:sprint_one_cm":203789,"minecraft:damage_taken":945,"minecraft:walk_one_cm":94949,"minecraft:drop":1,"minecraft:damage_dealt":1059,"minecraft:swim_one_cm":19419,"minecraft:talked_to_villager":6,"minecraft:fly_one_cm":117640,"minecraft:open_chest":8,"minecraft:crouch_one_cm":169,"minecraft:play_time":52125,"minecraft:deaths":1,"minecraft:sneak_time":164,"minecraft:walk_under_water_one_cm":3099,"minecraft:jump":730,"minecraft:walk_on_water_one_cm":8082,"minecraft:total_world_time":52125,"minecraft:fall_one_cm":15501},"minecraft:used":{"minecraft:acacia_log":4,"minecraft:stone_pickaxe":70,"minecraft:wooden_pickaxe":59,"minecraft:sandstone":8,"minecraft:rotten_flesh":1,"minecraft:torch":9,"minecraft:dirt":6,"minecraft:sand":6,"minecraft:lime_bed":1,"minecraft:crafting_table":6,"minecraft:wooden_axe":77,"minecraft:melon_slice":19,"minecraft:stone_axe":28,"minecraft:wooden_sword":40,"minecraft:cobblestone":11,"minecraft:porkchop":5,"minecraft:furnace":1,"minecraft:cooked_porkchop":4}},"DataVersion":3465}