{"stats":{"minecraft:broken":{"minecraft:wooden_sword":1,"minecraft:wooden_axe":1,"minecraft:wooden_pickaxe":1},"minecraft:crafted":{"minecraft:wooden_sword":1,"minecraft:cooked_porkchop":4,"minecraft:crafting_table":2,"minecraft:wooden_pickaxe":1,"minecraft:furnace":1,"minecraft:birch_planks":24,"minecraft:stone_axe":1,"minecraft:jungle_planks":72,"minecraft:stick":32,"minecraft:stone_pickaxe":1,"minecraft:wooden_axe":2,"minecraft:acacia_planks":44,"minecraft:torch":4},"minecraft:mined":{"minecraft:cut_sandstone":14,"minecraft:stone_pressure_plate":1,"minecraft:jungle_leaves":86,"minecraft:orange_terracotta":1,"minecraft:crafting_table":6,"minecraft:acacia_log":15,"minecraft:grass_block":8,"minecraft:melon":4,"minecraft:chest":4,"minecraft:jungle_log":26,"minecraft:dead_bush":1,"minecraft:cobblestone":5,"minecraft:sugar_cane":21,"minecraft:sandstone":9,"minecraft:lime_bed":1,"minecraft:cactus":2,"minecraft:furnace":1,"minecraft:birch_log":6,"minecraft:tnt":9,"minecraft:grass":3,"minecraft:coal_ore":20,"minecraft:vine":21,"minecraft:sand":1,"minecraft:dirt":1,"minecraft:bamboo":3,"minecraft:stone":30,"minecraft:oak_leaves":4,"minecraft:fern":1},"minecraft:picked_up":{"minecraft:birch_log":6,"minecraft:cocoa_beans":6,"minecraft:lime_bed":1,"minecraft:crafting_table":6,"minecraft:jungle_log":24,"minecraft:cut_sandstone":14,"minecraft:gunpowder":2,"minecraft:dirt":9,"minecraft:orange_terracotta":1,"minecraft:jungle_sapling":4,"minecraft:bamboo":13,"minecraft:chest":4,"minecraft:melon_slice":20,"minecraft:sugar_cane":51,"minecraft:birch_sapling":5,"minecraft:acacia_sapling":4,"minecraft:furnace":1,"minecraft:stick":4,"minecraft:sandstone":9,"minecraft:acacia_log":15,"minecraft:porkchop":9,"minecraft:sand":10,"minecraft:iron_horse_armor":2,"minecraft:stone_pressure_plate":1,"minecraft:tnt":9,"minecraft:cactus":3,"minecraft:rotten_flesh":8,"minecraft:stone_axe":1,"minecraft:golden_horse_armor":1,"minecraft:coal":20,"minecraft:cobblestone":35},"minecraft:killed":{"minecraft:pig":4,"minecraft:zombie":3},"minecraft:custom":{"minecraft:interact_with_furnace":6,"minecraft:mob_kills":7,"minecraft:interact_with_crafting_table":12,"minecraft:time_since_death":8532,"minecraft:climb_one_cm":4413,"minecraft:time_since_rest":8607,"minecraft:waystone_activated":1,"minecraft:sprint_one_cm":178426,"minecraft:damage_taken":855,"minecraft:walk_one_cm":83226,"minecraft:damage_dealt":1046,"minecraft:swim_one_cm":19326,"minecraft:talked_to_villager":6,"minecraft:fly_one_cm":109729,"minecraft:open_chest":6,"minecraft:crouch_one_cm":169,"minecraft:play_time":46283,"minecraft:deaths":1,"minecraft:sneak_time":164,"minecraft:walk_under_water_one_cm":2945,"minecraft:jump":618,"minecraft:walk_on_water_one_cm":4275,"minecraft:total_world_time":46283,"minecraft:fall_one_cm":15083},"minecraft:used":{"minecraft:acacia_log":4,"minecraft:stone_pickaxe":37,"minecraft:wooden_pickaxe":59,"minecraft:sandstone":8,"minecraft:rotten_flesh":1,"minecraft:torch":2,"minecraft:dirt":6,"minecraft:sand":6,"minecraft:lime_bed":1,"minecraft:crafting_table":6,"minecraft:wooden_axe":75,"minecraft:melon_slice":14,"minecraft:stone_axe":27,"minecraft:wooden_sword":40,"minecraft:cobblestone":11,"minecraft:porkchop":5,"minecraft:furnace":1,"minecraft:cooked_porkchop":4}},"DataVersion":3465}