{"stats":{"minecraft:custom":{"minecraft:interact_with_furnace":5,"minecraft:mob_kills":22,"minecraft:interact_with_crafting_table":4,"minecraft:leave_game":1,"minecraft:time_since_death":859,"minecraft:sleep_in_bed":1,"minecraft:climb_one_cm":1009,"minecraft:time_since_rest":892,"minecraft:waystone_activated":1,"minecraft:sprint_one_cm":198668,"minecraft:damage_taken":1166,"minecraft:walk_one_cm":113848,"minecraft:drop":3,"minecraft:damage_dealt":2169,"minecraft:swim_one_cm":14170,"minecraft:fly_one_cm":154718,"minecraft:play_time":36858,"minecraft:deaths":3,"minecraft:sneak_time":57,"minecraft:walk_under_water_one_cm":1804,"minecraft:jump":844,"minecraft:walk_on_water_one_cm":3926,"minecraft:total_world_time":36858,"minecraft:fall_one_cm":16178},"minecraft:mined":{"minecraft:white_bed":1,"minecraft:crafting_table":2,"minecraft:grass_block":6,"minecraft:dead_bush":22,"minecraft:tall_grass":7,"minecraft:sugar_cane":21,"minecraft:hay_block":7,"minecraft:tall_seagrass":4,"minecraft:coarse_dirt":1,"minecraft:furnace":2,"minecraft:birch_leaves":1,"minecraft:grass":26,"minecraft:oak_log":40,"minecraft:dirt":15,"minecraft:bamboo":6,"minecraft:stone":49,"minecraft:oak_leaves":3},"minecraft:crafted":{"minecraft:oak_planks":28,"minecraft:crafting_table":1,"minecraft:wooden_pickaxe":1,"minecraft:cooked_chicken":2,"minecraft:furnace":1,"minecraft:stone_axe":2,"minecraft:air":0,"minecraft:stick":8,"minecraft:stone_pickaxe":1,"minecraft:white_bed":1,"minecraft:cooked_rabbit":2},"minecraft:used":{"minecraft:stone_pickaxe":41,"minecraft:oak_planks":3,"minecraft:wooden_pickaxe":11,"minecraft:cooked_chicken":2,"minecraft:dirt":7,"minecraft:mutton":11,"minecraft:crafting_table":3,"minecraft:white_bed":1,"minecraft:apple":4,"minecraft:chicken":2,"minecraft:stone_axe":104,"minecraft:cobblestone":1,"minecraft:oak_sapling":1,"minecraft:furnace":2,"minecraft:porkchop":3,"minecraft:cooked_rabbit":2,"minecraft:egg":1},"minecraft:killed":{"minecraft:pig":2,"minecraft:rabbit":2,"minecraft:wandering_trader":1,"minecraft:sheep":11,"minecraft:trader_llama":2,"minecraft:chicken":4},"minecraft:broken":{"minecraft:stone_axe":1},"minecraft:picked_up":{"minecraft:crafting_table":3,"minecraft:coarse_dirt":2,"minecraft:feather":9,"minecraft:chicken":5,"minecraft:leather":12,"minecraft:lead":8,"minecraft:oak_log":176,"minecraft:string":2,"minecraft:dirt":56,"minecraft:apple":5,"minecraft:wheat_seeds":6,"minecraft:stone_pickaxe":3,"minecraft:rabbit":2,"minecraft:bamboo":156,"minecraft:sugar_cane":138,"minecraft:oak_planks":56,"minecraft:egg":7,"minecraft:furnace":4,"minecraft:stick":143,"minecraft:porkchop":3,"minecraft:white_bed":3,"minecraft:stone_axe":3,"minecraft:hay_block":21,"minecraft:oak_sapling":66,"minecraft:black_wool":3,"minecraft:mutton":24,"minecraft:white_wool":25,"minecraft:cobblestone":115},"minecraft:dropped":{"minecraft:coarse_dirt":2,"minecraft:feather":1}},"DataVersion":3465}