{"stats":{"minecraft:custom":{"minecraft:time_since_rest":4721,"minecraft:sprint_one_cm":63330,"minecraft:damage_taken":315,"minecraft:walk_one_cm":37333,"minecraft:mob_kills":11,"minecraft:drop":1,"minecraft:damage_dealt":1348,"minecraft:interact_with_crafting_table":2,"minecraft:fly_one_cm":28558,"minecraft:play_time":12858,"minecraft:deaths":1,"minecraft:sneak_time":12,"minecraft:jump":211,"minecraft:leave_game":1,"minecraft:time_since_death":4689,"minecraft:total_world_time":12858,"minecraft:climb_one_cm":532,"minecraft:fall_one_cm":3089},"minecraft:mined":{"minecraft:crafting_table":1,"minecraft:grass":1,"minecraft:grass_block":5,"minecraft:oak_log":24,"minecraft:dirt":3,"minecraft:stone":10},"minecraft:crafted":{"minecraft:oak_planks":28,"minecraft:crafting_table":1,"minecraft:stick":8,"minecraft:wooden_pickaxe":1,"minecraft:stone_pickaxe":1,"minecraft:stone_axe":1},"minecraft:used":{"minecraft:wooden_pickaxe":11,"minecraft:stone_axe":57,"minecraft:crafting_table":1,"minecraft:oak_sapling":1,"minecraft:egg":1},"minecraft:killed":{"minecraft:sheep":4,"minecraft:trader_llama":2,"minecraft:pig":2,"minecraft:chicken":2,"minecraft:wandering_trader":1},"minecraft:picked_up":{"minecraft:stick":14,"minecraft:crafting_table":2,"minecraft:feather":3,"minecraft:chicken":3,"minecraft:leather":4,"minecraft:lead":4,"minecraft:porkchop":3,"minecraft:oak_log":62,"minecraft:dirt":15,"minecraft:apple":4,"minecraft:stone_axe":1,"minecraft:stone_pickaxe":1,"minecraft:oak_sapling":18,"minecraft:black_wool":1,"minecraft:mutton":6,"minecraft:oak_planks":17,"minecraft:white_wool":4,"minecraft:cobblestone":14,"minecraft:egg":1},"minecraft:dropped":{"minecraft:feather":1}},"DataVersion":3465}