{"stats":{"minecraft:custom":{"minecraft:interact_with_furnace":7,"minecraft:mob_kills":41,"minecraft:interact_with_crafting_table":8,"minecraft:leave_game":1,"minecraft:time_since_death":1370,"minecraft:sleep_in_bed":3,"minecraft:climb_one_cm":1309,"minecraft:time_since_rest":450,"minecraft:waystone_activated":1,"minecraft:sprint_one_cm":260136,"minecraft:damage_taken":1701,"minecraft:walk_one_cm":166114,"minecraft:drop":3,"minecraft:damage_dealt":4784,"minecraft:talked_to_villager":1,"minecraft:swim_one_cm":14170,"minecraft:fly_one_cm":227403,"minecraft:open_chest":4,"minecraft:crouch_one_cm":96,"minecraft:play_time":54858,"minecraft:deaths":4,"minecraft:sneak_time":127,"minecraft:walk_under_water_one_cm":1804,"minecraft:jump":1254,"minecraft:walk_on_water_one_cm":4366,"minecraft:total_world_time":54858,"minecraft:fall_one_cm":26026},"minecraft:mined":{"minecraft:white_bed":1,"expore:exp_ore":5,"minecraft:crafting_table":3,"minecraft:grass_block":6,"minecraft:dead_bush":22,"minecraft:tall_grass":7,"minecraft:oak_planks":3,"minecraft:sugar_cane":21,"minecraft:hay_block":47,"minecraft:tall_seagrass":4,"minecraft:coarse_dirt":1,"minecraft:furnace":2,"minecraft:birch_leaves":1,"minecraft:yellow_bed":1,"minecraft:grass":33,"minecraft:coal_ore":53,"minecraft:oak_log":40,"minecraft:dirt":18,"minecraft:bamboo":6,"minecraft:stone":60,"minecraft:oak_leaves":3},"minecraft:crafted":{"minecraft:oak_planks":48,"minecraft:crafting_table":1,"minecraft:wooden_pickaxe":1,"minecraft:cooked_chicken":2,"minecraft:furnace":1,"minecraft:stone_axe":3,"minecraft:cooked_mutton":4,"minecraft:bread":126,"minecraft:air":0,"minecraft:stick":8,"minecraft:iron_pickaxe":1,"minecraft:stone_pickaxe":1,"minecraft:chest":2,"minecraft:white_bed":1,"minecraft:torch":56,"minecraft:cooked_rabbit":2,"minecraft:wheat":378},"minecraft:used":{"minecraft:stone_pickaxe":43,"minecraft:oak_planks":3,"minecraft:chest":2,"minecraft:wooden_pickaxe":11,"minecraft:cooked_chicken":2,"minecraft:torch":8,"minecraft:dirt":10,"minecraft:mutton":11,"minecraft:crafting_table":4,"minecraft:white_bed":2,"minecraft:apple":4,"minecraft:chicken":2,"minecraft:bread":7,"minecraft:iron_pickaxe":74,"minecraft:stone_axe":152,"minecraft:cobblestone":3,"minecraft:oak_sapling":1,"minecraft:furnace":3,"minecraft:porkchop":3,"minecraft:cooked_rabbit":2,"minecraft:egg":1},"minecraft:killed":{"minecraft:pig":13,"minecraft:rabbit":2,"minecraft:iron_golem":1,"minecraft:wandering_trader":1,"minecraft:sheep":14,"minecraft:skeleton":1,"minecraft:trader_llama":2,"minecraft:chicken":4,"minecraft:cow":3},"minecraft:broken":{"minecraft:stone_axe":1},"minecraft:picked_up":{"minecraft:crafting_table":4,"minecraft:coarse_dirt":2,"minecraft:feather":9,"minecraft:chicken":5,"minecraft:leather":14,"minecraft:lead":8,"minecraft:oak_log":220,"minecraft:yellow_bed":1,"minecraft:string":2,"minecraft:dirt":59,"minecraft:cooked_mutton":4,"minecraft:bone":2,"minecraft:apple":5,"minecraft:wheat_seeds":7,"minecraft:beef":10,"minecraft:iron_ingot":3,"minecraft:stone_pickaxe":4,"minecraft:iron_pickaxe":1,"minecraft:rabbit":2,"minecraft:bamboo":156,"minecraft:sugar_cane":138,"minecraft:oak_planks":66,"minecraft:egg":7,"minecraft:furnace":4,"minecraft:stick":172,"minecraft:torch":50,"minecraft:porkchop":32,"minecraft:white_bed":3,"minecraft:arrow":1,"minecraft:stone_axe":3,"minecraft:hay_block":66,"minecraft:bread":119,"minecraft:oak_sapling":66,"minecraft:black_wool":3,"minecraft:mutton":30,"minecraft:coal":52,"minecraft:white_wool":31,"minecraft:cobblestone":135},"minecraft:dropped":{"minecraft:coarse_dirt":2,"minecraft:feather":1}},"DataVersion":3465}