{"stats":{"minecraft:custom":{"minecraft:interact_with_furnace":8,"minecraft:mob_kills":48,"minecraft:interact_with_crafting_table":9,"minecraft:leave_game":1,"minecraft:time_since_death":25370,"minecraft:sleep_in_bed":4,"minecraft:climb_one_cm":1309,"minecraft:time_since_rest":8226,"minecraft:waystone_activated":1,"minecraft:sprint_one_cm":310270,"minecraft:damage_taken":2296,"minecraft:walk_one_cm":256025,"minecraft:drop":6,"minecraft:damage_dealt":8304,"minecraft:damage_dealt_absorbed":80,"minecraft:talked_to_villager":1,"minecraft:swim_one_cm":14170,"minecraft:fly_one_cm":290156,"minecraft:open_chest":5,"minecraft:crouch_one_cm":96,"minecraft:play_time":78858,"minecraft:deaths":4,"minecraft:sneak_time":127,"minecraft:walk_under_water_one_cm":1804,"minecraft:jump":1594,"minecraft:walk_on_water_one_cm":4366,"minecraft:total_world_time":78858,"minecraft:fall_one_cm":32824},"minecraft:mined":{"minecraft:white_bed":1,"expore:exp_ore":5,"minecraft:crafting_table":3,"minecraft:grass_block":297,"minecraft:dead_bush":22,"minecraft:cobblestone":9,"minecraft:tall_grass":8,"minecraft:oak_planks":3,"minecraft:sugar_cane":21,"minecraft:wall_torch":4,"minecraft:hay_block":47,"minecraft:tall_seagrass":4,"minecraft:coarse_dirt":1,"minecraft:furnace":2,"minecraft:birch_leaves":1,"minecraft:yellow_bed":1,"minecraft:azure_bluet":1,"minecraft:grass":70,"minecraft:coal_ore":53,"minecraft:oak_log":40,"minecraft:dirt":82,"minecraft:bamboo":6,"minecraft:stone":111,"minecraft:oak_leaves":3},"minecraft:crafted":{"minecraft:oak_planks":48,"minecraft:crafting_table":1,"minecraft:wooden_pickaxe":1,"minecraft:cooked_chicken":2,"minecraft:furnace":1,"minecraft:stone_axe":3,"minecraft:cooked_mutton":4,"minecraft:bread":126,"minecraft:air":0,"minecraft:stick":8,"minecraft:iron_pickaxe":1,"minecraft:stone_pickaxe":1,"minecraft:chest":2,"minecraft:iron_shovel":3,"minecraft:white_bed":1,"minecraft:torch":56,"minecraft:cooked_rabbit":2,"minecraft:wheat":378},"minecraft:killed":{"minecraft:pig":13,"minecraft:rabbit":2,"minecraft:spider":1,"minecraft:iron_golem":3,"minecraft:wandering_trader":1,"minecraft:creeper":1,"minecraft:sheep":14,"minecraft:skeleton":2,"minecraft:trader_llama":2,"minecraft:zombie":2,"minecraft:chicken":4,"minecraft:cow":3},"minecraft:used":{"minecraft:iron_shovel":373,"minecraft:stone_pickaxe":43,"minecraft:oak_planks":3,"minecraft:chest":2,"minecraft:wooden_pickaxe":11,"minecraft:cooked_chicken":2,"minecraft:torch":16,"minecraft:dirt":353,"minecraft:mutton":11,"minecraft:crafting_table":4,"minecraft:white_bed":2,"minecraft:apple":4,"minecraft:chicken":2,"minecraft:bread":19,"minecraft:iron_pickaxe":134,"minecraft:stone_axe":218,"minecraft:cobblestone":31,"minecraft:bow":5,"minecraft:oak_sapling":1,"minecraft:furnace":3,"minecraft:porkchop":3,"minecraft:cooked_rabbit":2,"minecraft:egg":1},"minecraft:broken":{"minecraft:iron_shovel":1,"minecraft:stone_axe":1},"minecraft:picked_up":{"minecraft:crafting_table":4,"minecraft:coarse_dirt":2,"minecraft:azure_bluet":2,"minecraft:feather":9,"minecraft:chicken":5,"minecraft:leather":14,"minecraft:lead":8,"minecraft:oak_log":220,"minecraft:yellow_bed":1,"minecraft:gunpowder":2,"minecraft:string":2,"minecraft:dirt":411,"minecraft:cooked_mutton":4,"minecraft:bone":8,"minecraft:apple":5,"minecraft:bow":1,"minecraft:wheat_seeds":21,"minecraft:beef":10,"minecraft:iron_ingot":11,"minecraft:stone_pickaxe":4,"minecraft:poppy":3,"minecraft:iron_pickaxe":1,"minecraft:rabbit":2,"minecraft:bamboo":156,"minecraft:sugar_cane":138,"minecraft:oak_planks":66,"minecraft:egg":7,"minecraft:furnace":4,"minecraft:stick":172,"minecraft:torch":54,"minecraft:dandelion":2,"minecraft:porkchop":32,"minecraft:white_bed":3,"minecraft:arrow":5,"minecraft:rotten_flesh":4,"minecraft:stone_axe":3,"minecraft:hay_block":66,"minecraft:bread":119,"minecraft:oak_sapling":66,"minecraft:black_wool":3,"minecraft:mutton":30,"minecraft:coal":52,"minecraft:white_wool":31,"minecraft:cobblestone":195},"minecraft:dropped":{"minecraft:coarse_dirt":2,"minecraft:feather":1,"minecraft:azure_bluet":1,"minecraft:poppy":1,"minecraft:dandelion":1}},"DataVersion":3465}