{"stats":{"minecraft:custom":{"minecraft:jump":4,"minecraft:time_since_rest":2026,"minecraft:crouch_one_cm":445,"minecraft:sprint_one_cm":512,"minecraft:play_time":2026,"minecraft:damage_taken":20,"minecraft:time_since_death":2026,"minecraft:walk_one_cm":1783,"minecraft:sneak_time":132,"minecraft:total_world_time":2026,"minecraft:interact_with_crafting_table":1,"minecraft:fall_one_cm":693,"minecraft:fly_one_cm":853},"minecraft:picked_up":{"minecraft:oak_log":3,"minecraft:dirt":1},"minecraft:mined":{"minecraft:oak_log":3,"minecraft:grass_block":1},"minecraft:used":{"minecraft:crafting_table":1},"minecraft:crafted":{"minecraft:crafting_table":1,"minecraft:oak_planks":12,"minecraft:stick":8,"minecraft:wooden_pickaxe":1}},"DataVersion":3465}