{"stats":{"minecraft:custom":{"minecraft:time_since_rest":15750,"minecraft:sprint_one_cm":16037,"minecraft:damage_taken":30,"minecraft:walk_one_cm":10825,"minecraft:mob_kills":3,"minecraft:damage_dealt":460,"minecraft:talked_to_villager":1,"minecraft:interact_with_crafting_table":3,"minecraft:fly_one_cm":11793,"minecraft:crouch_one_cm":730,"minecraft:play_time":15750,"minecraft:sneak_time":544,"minecraft:jump":78,"minecraft:leave_game":3,"minecraft:time_since_death":15750,"minecraft:total_world_time":15750,"minecraft:fall_one_cm":2806},"minecraft:picked_up":{"minecraft:stick":5,"minecraft:crafting_table":1,"minecraft:lead":2,"minecraft:porkchop":3,"minecraft:oak_log":29,"minecraft:dirt":8,"minecraft:wheat_seeds":1,"minecraft:oak_sapling":5,"minecraft:coal":7,"minecraft:cobblestone":15},"minecraft:mined":{"minecraft:crafting_table":1,"minecraft:grass":6,"minecraft:coal_ore":7,"minecraft:grass_block":2,"minecraft:oak_log":29,"minecraft:dirt":6,"minecraft:tall_grass":2,"minecraft:stone":15,"minecraft:oak_leaves":1},"minecraft:killed":{"minecraft:trader_llama":2,"minecraft:pig":1},"minecraft:used":{"minecraft:stone_sword":8,"minecraft:stone_pickaxe":12,"minecraft:stone_shovel":4,"minecraft:wooden_pickaxe":17,"minecraft:stone_axe":36,"minecraft:dirt":8,"minecraft:crafting_table":1},"minecraft:crafted":{"minecraft:oak_planks":24,"minecraft:stone_shovel":1,"minecraft:crafting_table":1,"minecraft:stick":12,"minecraft:wooden_pickaxe":1,"minecraft:stone_pickaxe":1,"minecraft:stone_sword":1,"minecraft:stone_axe":1}},"DataVersion":3465}