{"stats":{"minecraft:used":{"mcwtrpdoors:bamboo_trapdoor":1,"minecraft:black_bed":1,"minecraft:command_block":2,"mcwtrpdoors:cherry_ranch_trapdoor":1},"minecraft:mined":{"minecraft:black_bed":1},"minecraft:picked_up":{"minecraft:black_bed":1},"minecraft:custom":{"minecraft:jump":55,"minecraft:time_since_rest":22601,"minecraft:damage_dealt":10,"minecraft:crouch_one_cm":68,"minecraft:leave_game":1,"minecraft:sprint_one_cm":11818,"minecraft:play_time":22601,"minecraft:damage_taken":95,"minecraft:time_since_death":22601,"minecraft:walk_one_cm":8646,"minecraft:sneak_time":150,"minecraft:total_world_time":22601,"minecraft:drop":1,"minecraft:fall_one_cm":836,"minecraft:fly_one_cm":62037},"minecraft:dropped":{"minecraft:black_bed":1}},"DataVersion":3465}