{"stats":{"minecraft:dropped":{"minecraft:wheat_seeds":1,"minecraft:wheat":1,"minecraft:cobblestone":2,"minecraft:rotten_flesh":1,"morearmor:oak_armor_chestplate":1,"minecraft:stick":5,"minecraft:flower_pot":1,"morearmor:oak_armor_leggings":1,"minecraft:wooden_axe":1,"minecraft:cut_sandstone":1,"minecraft:acacia_sapling":9,"morearmor:oak_armor_helmet":1,"minecraft:sand":9,"minecraft:wooden_pickaxe":1,"minecraft:terracotta":1,"minecraft:egg":1},"minecraft:crafted":{"minecraft:oak_planks":160,"minecraft:cooked_porkchop":1,"morearmor:oak_armor_boots":1,"morearmor:cobblestone_armor_helmet":1,"minecraft:crafting_table":1,"minecraft:wooden_pickaxe":1,"minecraft:furnace":1,"morearmor:oak_armor_helmet":1,"minecraft:stone_axe":1,"morearmor:oak_armor_chestplate":1,"minecraft:cooked_mutton":2,"minecraft:air":0,"morearmor:cobblestone_armor_boots":1,"morearmor:cobblestone_armor_chestplate":1,"morearmor:oak_armor_leggings":1,"morearmor:cobblestone_armor_leggings":1,"minecraft:stick":8,"minecraft:stone_pickaxe":1,"minecraft:wooden_axe":1,"minecraft:white_bed":1,"minecraft:acacia_planks":28},"minecraft:mined":{"minecraft:cut_sandstone":15,"minecraft:white_bed":2,"minecraft:jungle_leaves":1,"minecraft:potted_cactus":1,"minecraft:crafting_table":8,"minecraft:acacia_log":7,"minecraft:cyan_bed":3,"minecraft:oak_planks":14,"minecraft:sugar_cane":17,"minecraft:tall_seagrass":1,"minecraft:lime_bed":1,"minecraft:furnace":1,"minecraft:iron_ore":1,"minecraft:grass":10,"minecraft:oak_log":65,"minecraft:sand":12,"minecraft:terracotta":1,"minecraft:acacia_planks":5,"minecraft:bamboo":3,"minecraft:stone":39,"minecraft:oak_leaves":4,"minecraft:green_bed":3},"minecraft:picked_up":{"minecraft:lime_bed":1,"minecraft:crafting_table":8,"minecraft:wheat":1,"minecraft:flower_pot":2,"minecraft:cut_sandstone":15,"minecraft:oak_log":64,"minecraft:acacia_planks":5,"minecraft:apple":3,"minecraft:wheat_seeds":1,"minecraft:bell":1,"minecraft:bamboo":3,"minecraft:sugar_cane":31,"minecraft:oak_planks":12,"minecraft:acacia_sapling":9,"minecraft:egg":1,"minecraft:furnace":1,"minecraft:stick":5,"minecraft:raw_iron":1,"minecraft:torch":1,"minecraft:green_bed":3,"minecraft:acacia_log":7,"minecraft:porkchop":2,"minecraft:sand":14,"minecraft:white_bed":2,"minecraft:cyan_bed":3,"minecraft:cactus":1,"minecraft:rotten_flesh":1,"minecraft:terracotta":2,"minecraft:oak_sapling":17,"minecraft:obsidian":1,"minecraft:mutton":6,"minecraft:white_wool":4,"minecraft:cobblestone":40},"minecraft:killed":{"minecraft:pig":2,"minecraft:spider":1,"minecraft:sheep":4,"minecraft:zombie":1,"minecraft:camel":1},"minecraft:custom":{"minecraft:interact_with_furnace":8,"minecraft:mob_kills":9,"minecraft:interact_with_crafting_table":12,"minecraft:bell_ring":5,"minecraft:leave_game":1,"minecraft:time_since_death":29277,"minecraft:sleep_in_bed":1,"minecraft:climb_one_cm":1312,"minecraft:time_since_rest":11953,"minecraft:sprint_one_cm":59654,"minecraft:damage_taken":134,"minecraft:walk_one_cm":69304,"minecraft:drop":20,"minecraft:damage_dealt":1237,"minecraft:swim_one_cm":1816,"minecraft:talked_to_villager":10,"minecraft:fly_one_cm":99980,"minecraft:open_chest":5,"minecraft:crouch_one_cm":5553,"minecraft:play_time":29277,"minecraft:sneak_time":1868,"minecraft:walk_under_water_one_cm":1738,"minecraft:boat_one_cm":13239,"minecraft:jump":484,"minecraft:walk_on_water_one_cm":2033,"minecraft:total_world_time":29277,"minecraft:fall_one_cm":14961,"minecraft:horse_one_cm":817},"minecraft:used":{"minecraft:cooked_mutton":2,"minecraft:stone_pickaxe":48,"minecraft:oak_planks":125,"minecraft:wooden_pickaxe":14,"minecraft:cut_sandstone":2,"minecraft:bell":1,"minecraft:green_bed":3,"minecraft:sand":3,"minecraft:crafting_table":8,"minecraft:white_bed":3,"minecraft:wooden_axe":10,"minecraft:bread":1,"minecraft:cyan_bed":3,"minecraft:stone_axe":135,"minecraft:furnace":1,"minecraft:cooked_porkchop":1,"minecraft:acacia_planks":5}},"DataVersion":3465}