{"stats":{"minecraft:dropped":{"morearmor:oak_armor_leggings":1,"morearmor:oak_armor_chestplate":1},"minecraft:crafted":{"morearmor:cobblestone_armor_boots":1,"minecraft:oak_planks":160,"morearmor:cobblestone_armor_chestplate":1,"minecraft:cooked_porkchop":1,"morearmor:cobblestone_armor_helmet":1,"morearmor:oak_armor_leggings":1,"morearmor:oak_armor_boots":1,"minecraft:crafting_table":1,"morearmor:cobblestone_armor_leggings":1,"minecraft:stick":8,"minecraft:wooden_pickaxe":1,"minecraft:stone_pickaxe":1,"minecraft:wooden_axe":1,"minecraft:furnace":1,"minecraft:white_bed":1,"morearmor:oak_armor_helmet":1,"minecraft:stone_axe":1,"minecraft:cooked_mutton":2,"morearmor:oak_armor_chestplate":1,"minecraft:air":0},"minecraft:mined":{"minecraft:iron_ore":1,"minecraft:jungle_leaves":1,"minecraft:crafting_table":7,"minecraft:grass":10,"minecraft:acacia_log":7,"minecraft:oak_log":65,"minecraft:bamboo":3,"minecraft:stone":39,"minecraft:oak_leaves":4},"minecraft:picked_up":{"minecraft:stick":5,"minecraft:crafting_table":7,"minecraft:raw_iron":1,"minecraft:acacia_log":7,"minecraft:porkchop":2,"minecraft:oak_log":64,"minecraft:rotten_flesh":1,"minecraft:apple":3,"minecraft:wheat_seeds":1,"minecraft:bamboo":3,"minecraft:oak_sapling":17,"minecraft:mutton":6,"minecraft:acacia_sapling":9,"minecraft:white_wool":4,"minecraft:cobblestone":39,"minecraft:egg":1},"minecraft:killed":{"minecraft:sheep":4,"minecraft:zombie":1,"minecraft:pig":2,"minecraft:spider":1},"minecraft:custom":{"minecraft:time_since_rest":0,"minecraft:interact_with_furnace":6,"minecraft:sprint_one_cm":30890,"minecraft:damage_taken":134,"minecraft:walk_one_cm":29209,"minecraft:mob_kills":8,"minecraft:drop":2,"minecraft:damage_dealt":917,"minecraft:interact_with_crafting_table":11,"minecraft:fly_one_cm":31915,"minecraft:crouch_one_cm":3967,"minecraft:play_time":17277,"minecraft:sneak_time":1392,"minecraft:jump":213,"minecraft:leave_game":1,"minecraft:walk_on_water_one_cm":1142,"minecraft:time_since_death":17277,"minecraft:sleep_in_bed":1,"minecraft:total_world_time":17277,"minecraft:climb_one_cm":1312,"minecraft:fall_one_cm":8389},"minecraft:used":{"minecraft:cooked_mutton":1,"minecraft:wooden_axe":10,"minecraft:stone_pickaxe":27,"minecraft:wooden_pickaxe":14,"minecraft:stone_axe":105,"minecraft:crafting_table":8,"minecraft:furnace":1,"minecraft:cooked_porkchop":1,"minecraft:white_bed":1}},"DataVersion":3465}