{"stats":{"minecraft:broken":{"minecraft:stone_axe":4},"minecraft:dropped":{"minecraft:wheat_seeds":1,"minecraft:wheat":1,"minecraft:cobblestone":2,"minecraft:rotten_flesh":1,"morearmor:oak_armor_chestplate":1,"minecraft:stick":5,"minecraft:flower_pot":1,"morearmor:oak_armor_leggings":1,"minecraft:wooden_axe":1,"minecraft:cut_sandstone":1,"minecraft:acacia_sapling":9,"morearmor:oak_armor_helmet":1,"minecraft:sand":9,"minecraft:stone_pickaxe":1,"minecraft:wooden_pickaxe":1,"minecraft:terracotta":1,"minecraft:egg":1},"minecraft:crafted":{"minecraft:oak_planks":160,"minecraft:cooked_porkchop":1,"morearmor:oak_armor_boots":1,"morearmor:cobblestone_armor_helmet":1,"minecraft:crafting_table":2,"minecraft:wooden_pickaxe":1,"minecraft:furnace":1,"morearmor:oak_armor_helmet":1,"minecraft:stone_axe":8,"morearmor:oak_armor_chestplate":1,"minecraft:cooked_mutton":2,"minecraft:air":0,"morearmor:cobblestone_armor_boots":1,"morearmor:cobblestone_armor_chestplate":1,"morearmor:oak_armor_leggings":1,"morearmor:cobblestone_armor_leggings":1,"minecraft:stick":28,"minecraft:stone_pickaxe":1,"minecraft:wooden_axe":2,"minecraft:chest":2,"minecraft:white_bed":1,"minecraft:acacia_planks":28},"minecraft:mined":{"minecraft:cut_sandstone":15,"minecraft:white_bed":2,"minecraft:jungle_leaves":1,"minecraft:potted_cactus":1,"minecraft:crafting_table":10,"minecraft:acacia_log":384,"minecraft:grass_block":1,"minecraft:dead_bush":1,"minecraft:tall_grass":8,"minecraft:cobblestone":13,"minecraft:cyan_bed":3,"minecraft:oak_planks":14,"minecraft:sugar_cane":32,"minecraft:tall_seagrass":1,"minecraft:lime_bed":1,"minecraft:furnace":1,"minecraft:iron_ore":1,"minecraft:grass":44,"minecraft:coal_ore":16,"minecraft:oak_log":75,"minecraft:dirt":5,"minecraft:gravel":16,"minecraft:sand":12,"minecraft:terracotta":1,"minecraft:acacia_planks":5,"minecraft:bamboo":3,"minecraft:stone":57,"minecraft:oak_leaves":4,"minecraft:green_bed":3},"minecraft:picked_up":{"minecraft:lime_bed":1,"minecraft:crafting_table":10,"minecraft:wheat":1,"minecraft:flower_pot":2,"minecraft:leather":3,"minecraft:cut_sandstone":15,"minecraft:flint":4,"minecraft:oak_log":74,"minecraft:dirt":6,"minecraft:acacia_planks":5,"minecraft:apple":3,"minecraft:wheat_seeds":7,"minecraft:bell":1,"minecraft:stone_pickaxe":1,"minecraft:beef":12,"minecraft:bamboo":3,"minecraft:sugar_cane":55,"minecraft:oak_planks":12,"minecraft:acacia_sapling":132,"minecraft:egg":1,"minecraft:furnace":1,"minecraft:stick":67,"minecraft:raw_iron":1,"minecraft:torch":1,"minecraft:green_bed":3,"minecraft:acacia_log":364,"minecraft:gravel":11,"minecraft:porkchop":2,"minecraft:sand":14,"minecraft:white_bed":2,"minecraft:cyan_bed":3,"minecraft:cactus":1,"minecraft:rotten_flesh":8,"minecraft:coal":16,"minecraft:terracotta":2,"minecraft:oak_sapling":18,"minecraft:obsidian":1,"minecraft:mutton":6,"minecraft:white_wool":4,"minecraft:cobblestone":71},"minecraft:killed":{"minecraft:husk":4,"minecraft:pig":2,"minecraft:spider":2,"minecraft:sheep":4,"minecraft:zombie":2,"minecraft:camel":1,"minecraft:cow":4},"minecraft:custom":{"minecraft:interact_with_furnace":8,"minecraft:mob_kills":19,"minecraft:interact_with_crafting_table":17,"minecraft:bell_ring":5,"minecraft:leave_game":1,"minecraft:time_since_death":47277,"minecraft:sleep_in_bed":1,"minecraft:climb_one_cm":1312,"minecraft:time_since_rest":29953,"minecraft:sprint_one_cm":147742,"minecraft:damage_taken":791,"minecraft:walk_one_cm":112742,"minecraft:drop":21,"minecraft:damage_dealt":2799,"minecraft:swim_one_cm":10485,"minecraft:talked_to_villager":10,"minecraft:fly_one_cm":236188,"minecraft:open_chest":8,"minecraft:crouch_one_cm":7440,"minecraft:play_time":47277,"minecraft:sneak_time":2701,"minecraft:walk_under_water_one_cm":3102,"minecraft:boat_one_cm":13239,"minecraft:jump":961,"minecraft:walk_on_water_one_cm":4719,"minecraft:total_world_time":47277,"minecraft:fall_one_cm":24784,"minecraft:horse_one_cm":817},"minecraft:used":{"minecraft:cooked_mutton":2,"minecraft:stone_pickaxe":96,"minecraft:oak_planks":126,"minecraft:chest":2,"minecraft:wooden_pickaxe":14,"minecraft:cut_sandstone":4,"minecraft:sugar_cane":55,"minecraft:bell":1,"minecraft:green_bed":3,"minecraft:dirt":6,"minecraft:sand":3,"minecraft:crafting_table":11,"minecraft:white_bed":3,"minecraft:wooden_axe":10,"minecraft:bread":13,"minecraft:cyan_bed":3,"minecraft:stone_axe":644,"minecraft:furnace":1,"minecraft:cooked_porkchop":1,"minecraft:acacia_planks":5}},"DataVersion":3465}