{"stats":{"minecraft:custom":{"minecraft:waystone_activated":1,"minecraft:time_since_rest":450,"minecraft:interact_with_furnace":4,"minecraft:sprint_one_cm":49288,"minecraft:damage_taken":165,"minecraft:walk_one_cm":95358,"minecraft:mob_kills":4,"minecraft:drop":2,"minecraft:damage_dealt":342,"minecraft:talked_to_villager":1,"minecraft:swim_one_cm":9749,"minecraft:interact_with_crafting_table":11,"minecraft:fly_one_cm":61515,"minecraft:open_chest":2,"minecraft:crouch_one_cm":148,"minecraft:play_time":28108,"minecraft:bell_ring":6,"minecraft:sneak_time":242,"minecraft:walk_under_water_one_cm":590,"minecraft:jump":401,"minecraft:interact_with_smoker":1,"minecraft:leave_game":1,"minecraft:walk_on_water_one_cm":6210,"minecraft:time_since_death":28108,"minecraft:sleep_in_bed":3,"minecraft:total_world_time":28108,"minecraft:climb_one_cm":1029,"minecraft:fall_one_cm":12745},"minecraft:crafted":{"minecraft:oak_planks":20,"minecraft:crafting_table":1,"minecraft:stick":8,"minecraft:wooden_pickaxe":1,"minecraft:stone_pickaxe":1,"minecraft:wooden_axe":1,"minecraft:furnace":1,"minecraft:white_bed":1,"minecraft:bread":99,"minecraft:air":0,"minecraft:cooked_mutton":4,"minecraft:wheat":297},"minecraft:mined":{"minecraft:hay_block":33,"minecraft:white_bed":1,"minecraft:furnace":1,"minecraft:torch":3,"minecraft:crafting_table":3,"minecraft:grass":1,"minecraft:oak_log":47,"minecraft:coal_ore":9,"minecraft:sand":2,"minecraft:dirt":1,"minecraft:sugar_cane":6,"minecraft:stone":17,"minecraft:wall_torch":3,"minecraft:oak_leaves":2},"minecraft:used":{"minecraft:cooked_mutton":2,"minecraft:wooden_axe":60,"minecraft:apple":1,"minecraft:bread":1,"minecraft:stone_pickaxe":14,"minecraft:wooden_pickaxe":16,"minecraft:torch":6,"minecraft:sand":2,"minecraft:crafting_table":3,"minecraft:furnace":1,"minecraft:white_bed":1},"minecraft:killed":{"minecraft:sheep":2,"minecraft:rabbit":2},"minecraft:picked_up":{"minecraft:stick":7,"minecraft:crafting_table":4,"minecraft:torch":7,"minecraft:sand":2,"minecraft:oak_log":48,"minecraft:white_bed":1,"minecraft:dirt":1,"minecraft:apple":1,"minecraft:rabbit_hide":2,"minecraft:hay_block":33,"minecraft:rabbit":2,"minecraft:sugar_cane":16,"minecraft:oak_sapling":23,"minecraft:mutton":6,"minecraft:coal":11,"minecraft:white_wool":5,"minecraft:cobblestone":17,"minecraft:furnace":1},"minecraft:dropped":{"minecraft:oak_log":1,"minecraft:wooden_axe":1}},"DataVersion":3465}