{"stats":{"minecraft:custom":{"minecraft:time_since_rest":10108,"minecraft:crouch_one_cm":1,"minecraft:play_time":10108,"minecraft:sprint_one_cm":9085,"minecraft:damage_taken":65,"minecraft:walk_one_cm":20849,"minecraft:sneak_time":11,"minecraft:drop":1,"minecraft:jump":89,"minecraft:damage_dealt":123,"minecraft:leave_game":1,"minecraft:time_since_death":10108,"minecraft:climb_one_cm":1029,"minecraft:total_world_time":10108,"minecraft:interact_with_crafting_table":1,"minecraft:fall_one_cm":4999,"minecraft:fly_one_cm":12536},"minecraft:crafted":{"minecraft:oak_planks":16,"minecraft:crafting_table":1,"minecraft:stick":4,"minecraft:wooden_axe":1},"minecraft:mined":{"minecraft:grass":1,"minecraft:oak_log":14,"minecraft:dirt":1,"minecraft:oak_leaves":2,"minecraft:crafting_table":1},"minecraft:used":{"minecraft:wooden_axe":13,"minecraft:crafting_table":1},"minecraft:picked_up":{"minecraft:crafting_table":1,"minecraft:torch":1,"minecraft:oak_log":15,"minecraft:oak_sapling":10,"minecraft:white_wool":1,"minecraft:dirt":1},"minecraft:dropped":{"minecraft:oak_log":1}},"DataVersion":3465}