{"stats":{"minecraft:custom":{"minecraft:interact_with_furnace":6,"minecraft:mob_kills":8,"minecraft:interact_with_crafting_table":11,"minecraft:bell_ring":6,"minecraft:interact_with_grindstone":1,"minecraft:leave_game":1,"minecraft:time_since_death":40108,"minecraft:sleep_in_bed":3,"minecraft:climb_one_cm":1029,"minecraft:time_since_rest":12450,"minecraft:waystone_activated":1,"minecraft:sprint_one_cm":96231,"minecraft:damage_taken":165,"minecraft:walk_one_cm":114829,"minecraft:drop":2,"minecraft:damage_dealt":642,"minecraft:swim_one_cm":21240,"minecraft:talked_to_villager":3,"minecraft:fly_one_cm":150655,"minecraft:open_chest":8,"minecraft:crouch_one_cm":568,"minecraft:play_time":40108,"minecraft:sneak_time":328,"minecraft:walk_under_water_one_cm":2398,"minecraft:jump":743,"minecraft:walk_on_water_one_cm":8656,"minecraft:total_world_time":40108,"minecraft:interact_with_smoker":1,"minecraft:fall_one_cm":19667},"minecraft:crafted":{"minecraft:oak_planks":20,"minecraft:crafting_table":1,"minecraft:wooden_pickaxe":1,"minecraft:furnace":1,"minecraft:cooked_mutton":4,"minecraft:bread":99,"minecraft:air":0,"minecraft:stick":8,"minecraft:stone_pickaxe":1,"minecraft:wooden_axe":1,"minecraft:white_bed":1,"minecraft:wheat":315},"minecraft:mined":{"minecraft:white_bed":1,"minecraft:crafting_table":3,"minecraft:torch":5,"minecraft:tall_grass":7,"minecraft:sugar_cane":6,"minecraft:wall_torch":3,"minecraft:hay_block":37,"minecraft:furnace":1,"minecraft:grass":30,"minecraft:coal_ore":9,"minecraft:oak_log":47,"minecraft:sand":2,"minecraft:dirt":1,"minecraft:stone":17,"minecraft:oak_leaves":2},"minecraft:killed":{"minecraft:rabbit":2,"minecraft:sheep":4,"minecraft:chicken":1,"minecraft:cow":1},"minecraft:used":{"minecraft:cooked_mutton":2,"minecraft:stone_pickaxe":14,"minecraft:wooden_pickaxe":16,"minecraft:iron_sword":41,"minecraft:torch":8,"minecraft:sand":2,"minecraft:crafting_table":3,"minecraft:white_bed":1,"minecraft:wooden_axe":60,"minecraft:apple":1,"minecraft:bread":4,"minecraft:furnace":1,"minecraft:iron_leggings":1},"minecraft:picked_up":{"minecraft:crafting_table":4,"minecraft:chicken":1,"minecraft:oak_log":48,"minecraft:dirt":1,"minecraft:apple":1,"minecraft:wheat_seeds":4,"minecraft:rabbit_hide":2,"minecraft:beef":1,"minecraft:rabbit":3,"minecraft:sugar_cane":16,"minecraft:furnace":1,"minecraft:stick":7,"minecraft:torch":9,"minecraft:sand":13,"minecraft:white_bed":1,"minecraft:hay_block":37,"minecraft:gray_wool":1,"minecraft:oak_sapling":23,"minecraft:cobblestone":17,"minecraft:mutton":12,"minecraft:coal":11,"minecraft:white_wool":7},"minecraft:dropped":{"minecraft:oak_log":1,"minecraft:wooden_axe":1}},"DataVersion":3465}