{"stats":{"minecraft:mined":{"minecraft:stone_pressure_plate":2,"minecraft:white_bed":3,"minecraft:mossy_cobblestone":8,"minecraft:mossy_stone_brick_slab":2,"minecraft:grass_block":8,"minecraft:infested_cobblestone":3,"minecraft:hay_block":26,"minecraft:spore_blossom":1,"minecraft:furnace":2,"minecraft:iron_ore":1,"minecraft:stone":120,"minecraft:tripwire":1,"minecraft:piston_head":1,"minecraft:hanging_roots":1,"minecraft:crafting_table":7,"minecraft:cobblestone":22,"minecraft:skeleton_skull":1,"minecraft:birch_log":4,"minecraft:redstone_torch":1,"minecraft:grass":15,"minecraft:coal_ore":25,"minecraft:oak_log":15,"secretdoors:secret_cobblestone_door":1,"minecraft:gravel":2,"minecraft:dirt":3,"minecraft:mossy_stone_bricks":10,"minecraft:oak_leaves":19},"minecraft:killed":{"minecraft:spider":4,"minecraft:iron_golem":1,"minecraft:sheep":4,"minecraft:zombie":8,"minecraft:cow":5},"minecraft:dropped":{"minecraft:wheat_seeds":2,"minecraft:stick":1,"minecraft:string":1,"minecraft:furnace":2,"minecraft:cooked_mutton":1},"minecraft:used":{"minecraft:stone_sword":117,"minecraft:shield":36,"morearmor:cobblestone_armor_helmet":4,"minecraft:oak_door":2,"minecraft:torch":19,"minecraft:dirt":6,"minecraft:mutton":3,"morearmor:emerald_armor_chestplate":1,"minecraft:lava_bucket":3,"minecraft:beef":2,"minecraft:furnace":3,"minecraft:oak_sapling":4,"minecraft:egg":2,"minecraft:cooked_beef":1,"minecraft:cooked_mutton":2,"minecraft:mossy_stone_bricks":6,"minecraft:water_bucket":3,"minecraft:stone_pickaxe":115,"minecraft:oak_planks":19,"minecraft:wooden_pickaxe":3,"minecraft:glow_berries":4,"minecraft:mossy_cobblestone":2,"morearmor:cobblestone_armor_boots":3,"minecraft:crafting_table":9,"minecraft:white_bed":4,"secretdoors:secret_cobblestone_door":2,"minecraft:bread":12,"minecraft:iron_pickaxe":104,"morearmor:cobblestone_armor_leggings":4,"minecraft:cobblestone":89,"morearmor:cobblestone_armor_chestplate":3,"minecraft:smithing_table":2,"minecraft:bucket":6,"minecraft:brush":2},"minecraft:custom":{"minecraft:interact_with_smithing_table":1,"minecraft:inspect_dropper":4,"minecraft:mob_kills":23,"minecraft:interact_with_crafting_table":20,"minecraft:open_barrel":7,"minecraft:leave_game":1,"minecraft:time_since_death":3398,"minecraft:climb_one_cm":3130,"minecraft:sprint_one_cm":309805,"minecraft:walk_one_cm":241489,"minecraft:damage_blocked_by_shield":1245,"minecraft:drop":6,"minecraft:talked_to_villager":12,"minecraft:play_time":112745,"minecraft:deaths":18,"minecraft:sneak_time":7578,"minecraft:walk_under_water_one_cm":4269,"minecraft:jump":1278,"minecraft:interact_with_blast_furnace":1,"minecraft:walk_on_water_one_cm":5818,"minecraft:total_world_time":112745,"minecraft:interact_with_furnace":15,"minecraft:traded_with_villager":1,"minecraft:interact_with_stonecutter":1,"minecraft:sleep_in_bed":3,"minecraft:time_since_rest":3438,"minecraft:damage_taken":6160,"minecraft:trigger_trapped_chest":1,"minecraft:damage_dealt":4653,"minecraft:swim_one_cm":8760,"minecraft:fly_one_cm":180537,"minecraft:open_chest":10,"minecraft:crouch_one_cm":14509,"minecraft:fall_one_cm":50987,"minecraft:inspect_dispenser":5},"minecraft:broken":{"morearmor:cobblestone_armor_leggings":1,"morearmor:cobblestone_armor_boots":1,"morearmor:cobblestone_armor_helmet":1,"minecraft:stone_pickaxe":1,"morearmor:cobblestone_armor_chestplate":1},"minecraft:crafted":{"minecraft:oak_door":3,"minecraft:oak_planks":76,"minecraft:furnace":1,"minecraft:cooked_mutton":2,"morearmor:cobblestone_armor_boots":1,"morearmor:cobblestone_armor_chestplate":1,"morearmor:cobblestone_armor_leggings":1,"minecraft:stone_pickaxe":1,"minecraft:chest":1,"minecraft:wheat":117,"minecraft:cooked_beef":1,"minecraft:emerald":1,"sophisticatedbackpacks:backpack":1,"morearmor:cobblestone_armor_helmet":1,"minecraft:crafting_table":2,"minecraft:wooden_pickaxe":1,"minecraft:birch_planks":16,"minecraft:bread":39,"minecraft:air":0,"minecraft:shield":1,"minecraft:stick":24,"minecraft:iron_ingot":4,"secretdoors:secret_cobblestone_door":1,"minecraft:iron_pickaxe":1,"minecraft:stone_sword":1,"morearmor:emerald_armor_chestplate":1,"minecraft:white_bed":1,"minecraft:torch":20},"minecraft:picked_up":{"minecraft:crafting_table":10,"minecraft:smithing_table":2,"minecraft:wooden_pickaxe":3,"minecraft:shield":2,"minecraft:string":4,"minecraft:beef":10,"minecraft:player_head":1,"minecraft:poppy":2,"minecraft:iron_pickaxe":2,"minecraft:furnace":5,"minecraft:egg":2,"minecraft:stick":25,"minecraft:raw_iron":3,"minecraft:oak_door":4,"minecraft:torch":35,"minecraft:porkchop":4,"morearmor:cobblestone_armor_boots":5,"minecraft:stone_pressure_plate":2,"minecraft:stone_sword":2,"minecraft:rotten_flesh":10,"morearmor:cobblestone_armor_chestplate":4,"minecraft:hay_block":28,"minecraft:glow_berries":4,"minecraft:mutton":21,"minecraft:cobblestone":191,"minecraft:skeleton_skull":2,"minecraft:white_wool":6,"minecraft:birch_log":4,"minecraft:leather":3,"minecraft:jungle_wood":2,"minecraft:oak_log":19,"minecraft:dirt":21,"minecraft:cooked_mutton":3,"minecraft:bone":1,"minecraft:bow":1,"minecraft:wheat_seeds":2,"minecraft:stone_pickaxe":2,"minecraft:spore_blossom":1,"minecraft:iron_ingot":4,"minecraft:grindstone":1,"minecraft:mossy_stone_bricks":11,"minecraft:oak_planks":1,"morearmor:cobblestone_armor_leggings":4,"minecraft:gravel":1,"minecraft:lava_bucket":1,"minecraft:white_bed":5,"minecraft:mossy_stone_brick_slab":2,"minecraft:spider_eye":3,"minecraft:mossy_cobblestone":4,"morearmor:cobblestone_armor_helmet":3,"secretdoors:secret_cobblestone_door":1,"minecraft:emerald":1,"minecraft:oak_sapling":8,"minecraft:coal":63},"minecraft:killed_by":{"minecraft:zombie":2}},"DataVersion":3465}