{"stats":{"minecraft:mined":{"minecraft:piston_head":1,"minecraft:stone_pressure_plate":2,"minecraft:white_bed":3,"minecraft:hanging_roots":1,"minecraft:mossy_cobblestone":8,"minecraft:mossy_stone_brick_slab":2,"minecraft:crafting_table":7,"minecraft:grass_block":8,"minecraft:infested_cobblestone":3,"minecraft:cobblestone":22,"minecraft:skeleton_skull":1,"minecraft:hay_block":26,"minecraft:spore_blossom":1,"minecraft:furnace":2,"minecraft:redstone_torch":1,"minecraft:birch_log":4,"minecraft:iron_ore":1,"minecraft:grass":13,"minecraft:oak_log":12,"minecraft:coal_ore":25,"secretdoors:secret_cobblestone_door":1,"minecraft:gravel":2,"minecraft:dirt":3,"minecraft:stone":120,"minecraft:mossy_stone_bricks":10,"minecraft:tripwire":1,"minecraft:oak_leaves":18},"minecraft:killed":{"minecraft:spider":1,"minecraft:iron_golem":1,"minecraft:sheep":4,"minecraft:zombie":8},"minecraft:custom":{"minecraft:interact_with_furnace":15,"minecraft:inspect_dropper":4,"minecraft:mob_kills":14,"minecraft:interact_with_crafting_table":18,"minecraft:open_barrel":2,"minecraft:interact_with_stonecutter":1,"minecraft:time_since_death":11013,"minecraft:sleep_in_bed":3,"minecraft:climb_one_cm":2995,"minecraft:time_since_rest":11044,"minecraft:sprint_one_cm":219550,"minecraft:damage_taken":5080,"minecraft:walk_one_cm":195254,"minecraft:damage_blocked_by_shield":705,"minecraft:trigger_trapped_chest":1,"minecraft:drop":6,"minecraft:damage_dealt":3602,"minecraft:talked_to_villager":2,"minecraft:swim_one_cm":4214,"minecraft:fly_one_cm":146948,"minecraft:open_chest":9,"minecraft:crouch_one_cm":14039,"minecraft:play_time":92046,"minecraft:deaths":14,"minecraft:sneak_time":7292,"minecraft:walk_under_water_one_cm":3322,"minecraft:jump":1055,"minecraft:walk_on_water_one_cm":3944,"minecraft:total_world_time":92046,"minecraft:inspect_dispenser":5,"minecraft:fall_one_cm":41679},"minecraft:dropped":{"minecraft:furnace":2,"minecraft:wheat_seeds":2,"minecraft:cooked_mutton":1,"minecraft:stick":1,"minecraft:string":1},"minecraft:used":{"minecraft:water_bucket":3,"minecraft:mossy_stone_bricks":6,"minecraft:cooked_mutton":2,"minecraft:stone_sword":88,"minecraft:stone_pickaxe":115,"minecraft:oak_planks":19,"minecraft:shield":27,"minecraft:wooden_pickaxe":3,"morearmor:cobblestone_armor_helmet":4,"minecraft:torch":19,"minecraft:glow_berries":4,"minecraft:mossy_cobblestone":2,"minecraft:dirt":6,"minecraft:mutton":3,"morearmor:cobblestone_armor_boots":3,"minecraft:crafting_table":8,"minecraft:white_bed":4,"secretdoors:secret_cobblestone_door":2,"minecraft:lava_bucket":2,"minecraft:bread":12,"minecraft:iron_pickaxe":104,"morearmor:cobblestone_armor_leggings":4,"minecraft:cobblestone":89,"morearmor:cobblestone_armor_chestplate":3,"minecraft:oak_sapling":4,"minecraft:furnace":3,"minecraft:bucket":5,"minecraft:brush":2,"minecraft:cooked_beef":1},"minecraft:broken":{"minecraft:stone_pickaxe":1,"morearmor:cobblestone_armor_chestplate":1,"morearmor:cobblestone_armor_leggings":1,"morearmor:cobblestone_armor_boots":1,"morearmor:cobblestone_armor_helmet":1},"minecraft:crafted":{"minecraft:oak_door":3,"minecraft:oak_planks":48,"morearmor:cobblestone_armor_helmet":1,"minecraft:crafting_table":2,"minecraft:wooden_pickaxe":1,"minecraft:furnace":1,"minecraft:birch_planks":16,"minecraft:bread":39,"minecraft:cooked_mutton":2,"minecraft:air":0,"morearmor:cobblestone_armor_boots":1,"morearmor:cobblestone_armor_chestplate":1,"minecraft:shield":1,"morearmor:cobblestone_armor_leggings":1,"minecraft:stick":24,"secretdoors:secret_cobblestone_door":1,"minecraft:iron_ingot":4,"minecraft:iron_pickaxe":1,"minecraft:stone_pickaxe":1,"minecraft:stone_sword":1,"minecraft:white_bed":1,"minecraft:torch":20,"minecraft:wheat":117,"minecraft:cooked_beef":1},"minecraft:picked_up":{"minecraft:birch_log":4,"minecraft:crafting_table":10,"minecraft:jungle_wood":2,"minecraft:wooden_pickaxe":3,"minecraft:oak_log":16,"minecraft:shield":2,"minecraft:string":1,"minecraft:dirt":21,"minecraft:bone":1,"minecraft:cooked_mutton":3,"minecraft:wheat_seeds":2,"minecraft:grindstone":1,"minecraft:spore_blossom":1,"minecraft:iron_ingot":4,"minecraft:stone_pickaxe":2,"minecraft:player_head":1,"minecraft:poppy":2,"minecraft:mossy_stone_bricks":11,"minecraft:iron_pickaxe":2,"minecraft:oak_planks":1,"minecraft:furnace":5,"minecraft:stick":25,"minecraft:raw_iron":3,"minecraft:oak_door":4,"minecraft:lava_bucket":1,"minecraft:torch":35,"morearmor:cobblestone_armor_leggings":4,"minecraft:gravel":1,"minecraft:porkchop":4,"minecraft:white_bed":5,"morearmor:cobblestone_armor_boots":5,"minecraft:stone_pressure_plate":2,"minecraft:mossy_stone_brick_slab":2,"minecraft:mossy_cobblestone":4,"morearmor:cobblestone_armor_helmet":3,"minecraft:stone_sword":2,"minecraft:rotten_flesh":8,"morearmor:cobblestone_armor_chestplate":4,"minecraft:hay_block":28,"secretdoors:secret_cobblestone_door":1,"minecraft:emerald":1,"minecraft:oak_sapling":7,"minecraft:glow_berries":4,"minecraft:mutton":19,"minecraft:coal":63,"minecraft:skeleton_skull":2,"minecraft:white_wool":6,"minecraft:cobblestone":191},"minecraft:killed_by":{"minecraft:zombie":2}},"DataVersion":3465}