{"stats":{"minecraft:mined":{"minecraft:white_bed":1,"minecraft:iron_ore":1,"minecraft:birch_log":4,"minecraft:crafting_table":3,"minecraft:grass":4,"minecraft:grass_block":1,"minecraft:oak_log":1,"minecraft:dirt":1,"minecraft:stone":34,"minecraft:oak_leaves":13},"minecraft:killed":{"minecraft:sheep":3,"minecraft:zombie":2},"minecraft:used":{"minecraft:stone_pickaxe":52,"minecraft:oak_planks":1,"minecraft:wooden_pickaxe":3,"morearmor:cobblestone_armor_helmet":2,"morearmor:cobblestone_armor_leggings":2,"minecraft:cobblestone":3,"morearmor:cobblestone_armor_boots":2,"minecraft:crafting_table":3,"morearmor:cobblestone_armor_chestplate":2,"minecraft:white_bed":1},"minecraft:dropped":{"minecraft:wheat_seeds":2,"minecraft:stick":1},"minecraft:custom":{"minecraft:time_since_rest":458,"minecraft:sprint_one_cm":68944,"minecraft:damage_taken":1006,"minecraft:walk_one_cm":36859,"minecraft:mob_kills":5,"minecraft:drop":2,"minecraft:damage_dealt":636,"minecraft:swim_one_cm":4214,"minecraft:interact_with_crafting_table":8,"minecraft:fly_one_cm":58021,"minecraft:crouch_one_cm":3451,"minecraft:play_time":20046,"minecraft:deaths":3,"minecraft:sneak_time":1686,"minecraft:walk_under_water_one_cm":814,"minecraft:jump":314,"minecraft:time_since_death":429,"minecraft:walk_on_water_one_cm":3460,"minecraft:sleep_in_bed":1,"minecraft:total_world_time":20046,"minecraft:fall_one_cm":15947},"minecraft:crafted":{"minecraft:oak_planks":4,"morearmor:cobblestone_armor_boots":1,"morearmor:cobblestone_armor_chestplate":1,"morearmor:cobblestone_armor_helmet":1,"minecraft:crafting_table":1,"morearmor:cobblestone_armor_leggings":1,"minecraft:stick":4,"minecraft:wooden_pickaxe":1,"minecraft:stone_pickaxe":1,"minecraft:white_bed":1,"minecraft:birch_planks":16},"minecraft:picked_up":{"minecraft:birch_log":4,"minecraft:raw_iron":3,"minecraft:stick":3,"minecraft:crafting_table":6,"minecraft:wooden_pickaxe":2,"morearmor:cobblestone_armor_leggings":2,"minecraft:oak_log":1,"minecraft:white_bed":3,"morearmor:cobblestone_armor_boots":1,"minecraft:dirt":4,"morearmor:cobblestone_armor_helmet":2,"morearmor:cobblestone_armor_chestplate":1,"minecraft:wheat_seeds":2,"minecraft:stone_pickaxe":1,"minecraft:oak_sapling":2,"minecraft:mutton":13,"minecraft:oak_planks":1,"minecraft:white_wool":5,"minecraft:cobblestone":38}},"DataVersion":3465}