{"stats":{"minecraft:mined":{"minecraft:white_bed":2,"minecraft:furnace":2,"minecraft:iron_ore":1,"minecraft:birch_log":4,"minecraft:crafting_table":6,"minecraft:grass":5,"minecraft:coal_ore":1,"minecraft:grass_block":1,"minecraft:oak_log":9,"secretdoors:secret_cobblestone_door":1,"minecraft:dirt":2,"minecraft:stone":92,"minecraft:oak_leaves":14},"minecraft:killed":{"minecraft:sheep":3,"minecraft:zombie":2},"minecraft:used":{"minecraft:stone_pickaxe":115,"minecraft:oak_planks":19,"minecraft:wooden_pickaxe":3,"morearmor:cobblestone_armor_helmet":3,"morearmor:cobblestone_armor_leggings":3,"minecraft:mutton":3,"minecraft:cobblestone":9,"morearmor:cobblestone_armor_boots":2,"minecraft:crafting_table":6,"morearmor:cobblestone_armor_chestplate":2,"minecraft:furnace":2,"minecraft:white_bed":2,"secretdoors:secret_cobblestone_door":1},"minecraft:dropped":{"minecraft:wheat_seeds":2,"minecraft:cooked_mutton":1,"minecraft:stick":1},"minecraft:custom":{"minecraft:time_since_rest":10412,"minecraft:interact_with_furnace":8,"minecraft:sprint_one_cm":77695,"minecraft:damage_taken":1449,"minecraft:walk_one_cm":55741,"minecraft:mob_kills":5,"minecraft:drop":3,"minecraft:damage_dealt":642,"minecraft:swim_one_cm":4214,"minecraft:interact_with_crafting_table":16,"minecraft:fly_one_cm":64566,"minecraft:crouch_one_cm":4734,"minecraft:play_time":32046,"minecraft:deaths":4,"minecraft:sneak_time":3065,"minecraft:walk_under_water_one_cm":814,"minecraft:jump":430,"minecraft:time_since_death":10360,"minecraft:walk_on_water_one_cm":3460,"minecraft:sleep_in_bed":1,"minecraft:total_world_time":32046,"minecraft:fall_one_cm":21427},"minecraft:broken":{"minecraft:stone_pickaxe":1},"minecraft:crafted":{"minecraft:oak_door":3,"minecraft:oak_planks":36,"morearmor:cobblestone_armor_boots":1,"morearmor:cobblestone_armor_chestplate":1,"minecraft:shield":1,"morearmor:cobblestone_armor_helmet":1,"minecraft:crafting_table":1,"morearmor:cobblestone_armor_leggings":1,"minecraft:stick":8,"secretdoors:secret_cobblestone_door":1,"minecraft:iron_ingot":4,"minecraft:wooden_pickaxe":1,"minecraft:stone_pickaxe":1,"minecraft:stone_sword":1,"minecraft:furnace":1,"minecraft:white_bed":1,"minecraft:birch_planks":16,"minecraft:cooked_mutton":2,"minecraft:air":0},"minecraft:picked_up":{"minecraft:birch_log":4,"minecraft:raw_iron":3,"minecraft:stick":3,"minecraft:crafting_table":9,"minecraft:wooden_pickaxe":3,"morearmor:cobblestone_armor_leggings":2,"minecraft:oak_log":9,"minecraft:white_bed":4,"morearmor:cobblestone_armor_boots":2,"minecraft:dirt":5,"morearmor:cobblestone_armor_helmet":2,"morearmor:cobblestone_armor_chestplate":2,"minecraft:wheat_seeds":2,"minecraft:stone_pickaxe":2,"secretdoors:secret_cobblestone_door":1,"minecraft:oak_sapling":3,"minecraft:mutton":18,"minecraft:oak_planks":1,"minecraft:coal":1,"minecraft:white_wool":5,"minecraft:cobblestone":98,"minecraft:furnace":2}},"DataVersion":3465}