{"stats":{"minecraft:mined":{"minecraft:piston_head":1,"minecraft:stone_pressure_plate":2,"minecraft:white_bed":2,"minecraft:hanging_roots":1,"minecraft:mossy_cobblestone":8,"minecraft:mossy_stone_brick_slab":2,"minecraft:crafting_table":6,"minecraft:grass_block":4,"minecraft:infested_cobblestone":3,"minecraft:cobblestone":22,"minecraft:skeleton_skull":1,"minecraft:spore_blossom":1,"minecraft:furnace":2,"minecraft:redstone_torch":1,"minecraft:birch_log":4,"minecraft:iron_ore":1,"minecraft:grass":6,"minecraft:oak_log":11,"minecraft:coal_ore":25,"secretdoors:secret_cobblestone_door":1,"minecraft:gravel":2,"minecraft:dirt":3,"minecraft:stone":120,"minecraft:mossy_stone_bricks":7,"minecraft:tripwire":1,"minecraft:oak_leaves":14},"minecraft:killed":{"minecraft:sheep":3,"minecraft:zombie":2},"minecraft:custom":{"minecraft:interact_with_furnace":10,"minecraft:inspect_dropper":4,"minecraft:mob_kills":5,"minecraft:interact_with_crafting_table":17,"minecraft:open_barrel":2,"minecraft:time_since_death":13631,"minecraft:sleep_in_bed":2,"minecraft:climb_one_cm":901,"minecraft:time_since_rest":13660,"minecraft:sprint_one_cm":146988,"minecraft:damage_taken":2555,"minecraft:walk_one_cm":126149,"minecraft:damage_blocked_by_shield":15,"minecraft:trigger_trapped_chest":1,"minecraft:drop":5,"minecraft:damage_dealt":1159,"minecraft:swim_one_cm":4214,"minecraft:fly_one_cm":87490,"minecraft:open_chest":4,"minecraft:crouch_one_cm":11003,"minecraft:play_time":56046,"minecraft:deaths":7,"minecraft:sneak_time":5575,"minecraft:walk_under_water_one_cm":2075,"minecraft:jump":650,"minecraft:walk_on_water_one_cm":3754,"minecraft:total_world_time":56046,"minecraft:inspect_dispenser":5,"minecraft:fall_one_cm":29348},"minecraft:dropped":{"minecraft:furnace":2,"minecraft:wheat_seeds":2,"minecraft:cooked_mutton":1,"minecraft:stick":1},"minecraft:used":{"minecraft:cooked_mutton":2,"minecraft:stone_sword":18,"minecraft:stone_pickaxe":115,"minecraft:oak_planks":19,"minecraft:shield":1,"minecraft:wooden_pickaxe":3,"morearmor:cobblestone_armor_helmet":4,"minecraft:torch":19,"minecraft:glow_berries":4,"minecraft:mossy_cobblestone":2,"minecraft:dirt":6,"minecraft:mutton":3,"morearmor:cobblestone_armor_boots":3,"minecraft:crafting_table":7,"minecraft:white_bed":3,"secretdoors:secret_cobblestone_door":2,"minecraft:iron_pickaxe":101,"morearmor:cobblestone_armor_leggings":4,"minecraft:cobblestone":64,"morearmor:cobblestone_armor_chestplate":3,"minecraft:oak_sapling":1,"minecraft:furnace":3,"minecraft:brush":2,"minecraft:cooked_beef":1},"minecraft:broken":{"minecraft:stone_pickaxe":1},"minecraft:crafted":{"minecraft:oak_door":3,"minecraft:oak_planks":44,"morearmor:cobblestone_armor_helmet":1,"minecraft:crafting_table":1,"minecraft:wooden_pickaxe":1,"minecraft:furnace":1,"minecraft:birch_planks":16,"minecraft:cooked_mutton":2,"minecraft:air":0,"morearmor:cobblestone_armor_boots":1,"morearmor:cobblestone_armor_chestplate":1,"minecraft:shield":1,"morearmor:cobblestone_armor_leggings":1,"minecraft:stick":24,"secretdoors:secret_cobblestone_door":1,"minecraft:iron_ingot":4,"minecraft:iron_pickaxe":1,"minecraft:stone_pickaxe":1,"minecraft:stone_sword":1,"minecraft:white_bed":1,"minecraft:torch":20,"minecraft:cooked_beef":1},"minecraft:picked_up":{"minecraft:birch_log":4,"minecraft:crafting_table":9,"minecraft:jungle_wood":2,"minecraft:wooden_pickaxe":3,"minecraft:oak_log":11,"minecraft:shield":2,"minecraft:string":1,"minecraft:dirt":20,"minecraft:cooked_mutton":3,"minecraft:wheat_seeds":2,"minecraft:spore_blossom":1,"minecraft:stone_pickaxe":2,"minecraft:mossy_stone_bricks":8,"minecraft:iron_pickaxe":2,"minecraft:oak_planks":1,"minecraft:furnace":5,"minecraft:stick":25,"minecraft:raw_iron":3,"minecraft:oak_door":4,"minecraft:torch":35,"morearmor:cobblestone_armor_leggings":4,"minecraft:gravel":1,"minecraft:white_bed":4,"morearmor:cobblestone_armor_boots":4,"minecraft:stone_pressure_plate":2,"minecraft:mossy_stone_brick_slab":2,"minecraft:mossy_cobblestone":4,"morearmor:cobblestone_armor_helmet":3,"minecraft:stone_sword":2,"morearmor:cobblestone_armor_chestplate":4,"secretdoors:secret_cobblestone_door":1,"minecraft:emerald":1,"minecraft:oak_sapling":4,"minecraft:glow_berries":3,"minecraft:mutton":18,"minecraft:coal":63,"minecraft:skeleton_skull":2,"minecraft:white_wool":5,"minecraft:cobblestone":191}},"DataVersion":3465}