{
    "pools": [
        {
            "rolls": 1,
            "entries": [
                {
                    "type": "minecraft:item",
                    "name": "minecraft:item_frame",
                    "functions": [
                        {
                            "function": "minecraft:set_nbt",
                            "tag": "{EntityTag:{Tags:[\"bvc_decraft_frame\"],Invulnerable:1,Silent:1,Invisible:1b,Fixed:1b},display:{Name:'{\"translate\":\"block.bvc.dec\",\"italic\":false}'},bvc:{block:\"decrafter\"},CustomModelData:2820001}"
                        }
                    ]
                }
            ]
        }
    ]
}