{
  "minecraft:recipes/decorations/crafting_table": {
    "criteria": {
      "unlock_right_away": "2024-08-17 04:12:14 +0000"
    },
    "done": true
  },
  "minecraft:recipes/food/cooked_porkchop_from_campfire_cooking": {
    "criteria": {
      "has_porkchop": "2024-08-17 04:15:54 +0000"
    },
    "done": true
  },
  "betterdeserttemples:root": {
    "criteria": {
      "always": "2024-08-17 04:12:14 +0000"
    },
    "done": true
  },
  "global:root": {
    "criteria": {
      "trigger": "2024-08-17 04:12:14 +0000"
    },
    "done": true
  },
  "global:bvc": {
    "criteria": {
      "trigger": "2024-08-17 04:12:14 +0000"
    },
    "done": true
  },
  "minecraft:recipes/food/cooked_porkchop": {
    "criteria": {
      "has_porkchop": "2024-08-17 04:15:54 +0000"
    },
    "done": true
  },
  "minecraft:adventure/root": {
    "criteria": {
      "killed_something": "2024-08-17 04:15:54 +0000"
    },
    "done": true
  },
  "global:decrafter": {
    "criteria": {
      "trigger": "2024-08-17 04:12:14 +0000"
    },
    "done": true
  },
  "minecraft:recipes/food/cooked_porkchop_from_smoking": {
    "criteria": {
      "has_porkchop": "2024-08-17 04:15:54 +0000"
    },
    "done": true
  },
  "minecraft:adventure/adventuring_time": {
    "criteria": {
      "minecraft:forest": "2024-08-17 04:12:15 +0000",
      "minecraft:savanna": "2024-08-17 04:15:12 +0000"
    },
    "done": false
  },
  "DataVersion": 3465
}