{
  "minecraft:recipes/decorations/crafting_table": {
    "criteria": {
      "unlock_right_away": "2024-07-26 18:59:50 +0000"
    },
    "done": true
  },
  "minecraft:adventure/adventuring_time": {
    "criteria": {
      "minecraft:snowy_slopes": "2024-07-26 18:59:51 +0000",
      "minecraft:taiga": "2024-07-26 19:05:38 +0000",
      "minecraft:beach": "2024-07-26 19:06:26 +0000",
      "minecraft:sparse_jungle": "2024-07-26 19:04:25 +0000",
      "minecraft:river": "2024-07-26 19:04:49 +0000",
      "minecraft:snowy_plains": "2024-07-26 19:05:00 +0000",
      "minecraft:jagged_peaks": "2024-07-26 19:00:49 +0000",
      "minecraft:cold_ocean": "2024-07-26 19:05:56 +0000",
      "minecraft:plains": "2024-07-26 19:04:31 +0000"
    },
    "done": false
  },
  "DataVersion": 3465
}