{
    "pools": [
        {
            "rolls": 1,
            "entries": [
                {
                    "type": "minecraft:item",
                    "name": "minecraft:minecart",
                    "functions": [
                        {
                            "function": "minecraft:set_nbt",
                            "tag": "{display:{Name:'{\"translate\":\"debug.bvc.empty\",\"italic\":false}'},bvc:{gui_item:1b},CustomModelData:2820041}"
                        }
                    ]
                }
            ]
        }
    ]
}